channel_name,video_count
BLACKPINK,636
HYBE LABELS,2817
BILLIE EILISH,1
Shemaroo,13374
JuegaGerman,2368
LooLoo Kids - Nursery Rhymes and Children's Songs,1051
Tips Official,8639
MrBeast,906
El Reino Infantil,1950
Justin Bieber,277
SET India,160944
Wave Music,20816
Colors TV,290896
Sony Music India,7321
Ed Sheeran,704
Zee TV,217464
ChuChu TV Nursery Rhymes & Kids Songs,957
Ariana Grande,231
5-Minute Crafts,7856
Aaj Tak,517609
Billion Surprise Toys,1701
EminemMusic,208
Movieclips,43419
Vlad and Niki,949
Sony SAB,103557
Infobells - Hindi,838
Like Nastya,991
Taylor Swift,629
YRF,4700
WWE,88197
PewDiePie,4650
BANGTANTV,2925
Cocomelon - Nursery Rhymes,1735
Jkk Entertainment,252
Sony PAL,33067
Mikecrack,2176
WorkpointOfficial,108183
ARY Digital HD,196034
JioHotstar Kids,2536
Maroon 5,276
Badabun,27166
YouTube,1170
whinderssonnunes,1144
GR6 EXPLODE,3424
ABP NEWS,500175
Rihanna,92
Kimberly Loaiza,314
Shakira,391
Bad Bunny,190
Daddy Yankee,585
Fernanfloo,558
ABS-CBN Entertainment,247689
Ishtar Music,4991
Like Nastya ESP,1006
TEDx Talks,244712
Felipe Neto,5946
SonyMusicIndiaVEVO,3779
TheEllenShow,18341
Katy Perry,195
Super Simple Songs - Kids Songs,859
Ultra Bollywood,10333
elrubiusOMG,745
Toys and Colors,1640
One Direction,157
HAR PAL GEO,182356
PowerKids TV,8984
Alan Walker,855
shfa,1298
Luisito Comunica,1450
Masha and The Bear,2068
XXXTENTACION,137
BRIGHT SIDE,10489
Bruno Mars,107
CarryMinati,205
SSSniperWolf,3882
Mr Bean,4186
ImagineDragons,240
KHANDESHI MOVIES,252
YOLO AVENTURAS,3077
Rajshri,4779
The Weeknd,202
rezendeevil,12667
Ozuna,263
Markiplier,5765
NoCopyrightSounds,2016
VEGETTA777,8570
T-Series Bollywood Classics,2352
SMTOWN,4620
Ryan's World,3367
Eros Now Music,9749
J Balvin,350
MR. INDIAN HACKER,1181
Worldwide Records Bhojpuri,7932
Round2hell,70
KAROL G,164
Selena Gomez,209
Jess No Limit,2723
DREAM,222
Total Gaming,555
MrBeast Gaming,155
Zee News,243532
GENIAL,10519
BabyBus - Kids Songs and Cartoons,2857
CVS 3D Rhymes & Kids Songs,339
Ricis Official,5881
Desi Music Factory,315
The Tonight Show Starring Jimmy Fallon,12985
WowKidz,13992
Techno Gamerz,1137
IndiaTV,88014
StarPlus,122753
Peppa Pig - Official Channel,8629
Lucas and Marcus,2460
JustinBieberVEVO,223
T-Series Apna Punjab,9312
Dream,200
DisneyMusicVEVO,2957
Saregama Music,10267
TheDonato,3947
Spinnin' Records,13079
1MILLION Dance Studio,8738
Trap Nation,3008
Little Angel: Nursery Rhymes & Kids Songs,2062
Enaldinho,5174
David Guetta,984
BB Ki Vines,194
Nick Jr.,6283
Talking Tom,915
jacksepticeye,5266
HUM TV,188357
enchufetv,2413
Bounce Patrol - Kids Songs,336
infobells - Tamil,808
NichLmao,1396
LosPolinesios,1279
WORLDSTARHIPHOP,7338
VanossGaming,2128
toycantando,1018
Gulshan Kalra,904
Beast Reacts,233
ashish chanchlani vines,162
Drake,100
DanTDM,3774
Frost Diamond,4211
Aditya Movies,11384
AuronPlay,402
Renato Garcia,5156
The Late Late Show with James Corden,5788
Netflix,8418
D Billions,1954
Shorts Break,840
Wiz Khalifa,853
Dushyant kukreja,1596
JYP Entertainment,2555
Smosh,2148
Michael Jackson,19
Indosiar,13838
ToyPuddingTV,2422
PANDA BOI,1222
Shemaroo Movies,3688
KatyPerryVEVO,185
Collins Key,259
EminemVEVO,105
Ninja,2402
Lady Gaga,243
Chris Brown,79
Juan De Dios Pantoja,481
TaylorSwiftVEVO,0
Goldmines Movies,6658
Post Malone,167
Anuel AA,186
America's Got Talent,2380
Dan Rhodes,1698
Jelly,6785
ABPLIVE,289259
Fede Vigevani,1584
That Little Puff,1154
Preston,4254
Miss Katy,1161
Daniel LaBelle,410
Pen Movies,1822
Mark Rober,229
LankyBox,10325
Coldplay,548
Las Ratitas,225
Enrique Iglesias,554
NickyJamTV,585
Logan Paul,758
Sesame Street,4001
Rans Entertainment,4779
James Charles,667
DJ Snake,365
TRANS7 OFFICIAL,108255
RihannaVEVO,118
Chloe Ting,495
Diana and Roma EN,727
Venus Movies,2301
WatchMojo.com,31070
shfa show India,666
Yuya,672
Dangal TV Channel,46001
Alan Becker,252
Paulo Londra,114
toyorbabytv,1445
Becky G,92
Charlie Puth,165
OneDirectionVEVO,266
KL BRO Biju Rithvik,3346
Zach Choi,1802
The Chainsmokers,280
Tekashi 6ix9ine,70
Heroindori,840
FGTeeV,1873
GMA Public Affairs,89864
Sourav Joshi Vlogs,2171
Akshay Nagwadiya,1334
LeoNata Family,4878
Khan GS Research Centre,394
Tsuriki Show,5481
Tasty,6177
DrossRotzank,1901
SSundee,3570
Technical Guruji,5979
Kids TV - Nursery Rhymes And Baby Songs,4521
Rotana,9589
Dua Lipa,318
Village Cooking Channel,253
Infinite,1742
ZAMZAM ELECTRONICS TRADING,21379
Ishaan Ali 11,1778
SMOL,7490
Ultra Movie Parlour,2275
TED,5295
invictor,2878
Sun TV,145302
mmoshaya,1278
Tiger Wong Entertainment,2503
The Royalty Family,830
Eva Bravo Play,459
LazarBeam,1216
AS Gaming,1716
HaerteTest,1908
JennaMarbles,250
DaFuq!?Boom!,310
Sony AATH,26608
LIV Crime,20166
5-Minute Crafts DIY,7203
Marta and Rustam,2052
Vijay Television,133130
BuzzFeedVideo,8055
Avicii,195
Britain's Got Talent,5464
Pencilmation,1895
Gordon Ramsay,1974
NBA,70289
CookieSwirlC,1584
AuthenticGames,4844
Dr. Vivek Bindra: Motivational Speaker,2578
Romeo Santos,56
Rafa & Luiz,4462
Vsauce,611
REACT,5278
dednahype,4871
Mnet K-POP,42462
Vevo,2368
etvteluguindia,166333
Crafty Panda,1340
Jake Paul,1531
7clouds,3171
MiawAug,4573
Brave Wilderness,1082
DLS News,7348
Vlad and Niki IDN,781
Emiway Bantai,350
RKD Studios,1294
FIFA,12112
Official Pink Panther,969
SOMOY TV,261193
Clash of Clans,1142
nigahiga,403
5-Minute Crafts PLAY,7514
tuzelity SHUFFLE,1299
Green Gold TV - Official Channel,3059
Zach King,808
TheGrefg,4309
Calvin Harris,104
Like Nastya VNM,826
Triggered Insaan,352
SonyMusicSouthVEVO,6486
And TV,58703
Ajay Sharma,1548
MSA previously My Story Animated,972
Jason Derulo,6082
IShowSpeed,1706
TheOdd1sOut,183
CKN,492
TheWillyrex,7423
Goldmines Great Indian Comedy,5142
officialpsy,183
Miley Cyrus,199
Unbox Therapy,2422
Farruko,336
KatieAngel,928
BeatboxJCOP,1324
jaanvi patel,893
Blippi - Educational Videos for Kids,1598
The ACE Family,711
Bobby chourasiya,677
TED-Ed,2303
Priyal Kukreja,1475
MGC Playhouse,1680
El Payaso Plim Plim,2025
Jake Fellman,591
Lil Pump,72
Demi Lovato,364
Sidemen,432
Sonotek,8405
shakiraVEVO,223
News 24,398037
Masha e o Urso,1957
Good Mythical Morning,4276
RobleisIUTU,1930
tanboy kun,1065
Zuni and Family,353
Wow Kidz Action,8006
Ali-A,4850
Busy Fun Ltd,322
SQUEEZIE,1770
ArianaGrandeVevo,232
SAM SMITH,370
PopularMMOs,4690
Marques Brownlee,1768
Apple,193
Matt Stonie,469
BBC News Hindi,33942
Vice,1498
TheBrianMaps,537
LuisFonsiVEVO,113
W2S,652
Prajapati News,2069
News18 India,448896
Bispo Bruno Leonardo,8123
FailArmy,806
Younes Zarou,1946
DeGoBooM,5678
Aphmau,5470
Pop Chartbusters,2561
The Game Theorists,822
EeOneGuy,373
Tu COSMOPOLIS,13713
MissaSinfonia,249
Ivana Alawi,248
HowToBasic,651
VICE,4348
Lahari Music,7645
Jordan Matter,544
Jennifer Lopez,466
IGN,174619
SriBalajiMovies,33086
JFlaMusic,376
Little Mix,278
Queen Official,1447
Doggy Doggy Cartoons,4892
Guava Juice,2249
FactTechz,1623
CoryxKenshin,1742
Liza Koshy,154
Camila Cabello,199
Aayu and Pihu Show,746
Taarak Mehta Ka Ooltah Chashmah,20263
Sandra Cires Art,1162
Anitta,238
Travis Scott,19
Boyce Avenue,665
Willyrex,8833
5-Minute Crafts FAMILY,5835
EdisonPts,4392
Infobells Bangla,599
Volga Video,3566
Dear Sir,1206
Narendra Modi,32045
jeffreestar,436
PowerfulJRE,3471
Dyland PROS,4313
MY FAMILY,420
Daily Dose Of Internet,1576
SRK MUSIC,5511
Harsh Beniwal,208
FC Barcelona,14117
Mrwhosetheboss,1848
XO TEAM,7749
Prime Video India,12703
TWICE,2294
Roman Atwood Vlogs,1940
Zee Music Classic,1900
DM - Desi Melodies,835
Lyna,5835
Genierock,2295
Arif muhammad,823
Ranz Kyle,599
ExtraPolinesios,557
The MriDul,370
CNN,176101
MK MUSIC,7871
Mr DegrEE,2205
Unspeakable,1076
Makiman131,3456
T-Series Hamaar Bhojpuri,11161
Disney Jr.,6402
La Rosa de Guadalupe,14882
Mobile Legends: Bang Bang,4393
Mariale,4996
LEGO,45457
LOKESH GAMER,1897
NDTV India,182884
Rotten Tomatoes Trailers,12530
Sony LIV,50556
FitDance,7467
BBC News,27025
Drawblogs,469
Lilly Singh,1254
Netflix Jr.,2940
Mis Pastelitos,817
Jesser,1541
Chad Wild Clay,852
ABS-CBN News,265861
Camila Loures,5288
Eli Kids - Cartoons & Songs,1170
Like Nastya Stories,711
Bigbang,2806
TV9 Bharatvarsh,534778
ERB,90
TheRichest,2850
Maroon5VEVO,159
A2 Motivation by Arvind Arora,5429
BigSchool,7413
CrashCourse,1646
melanie martinez,135
Martin Garrix,481
Fifth Harmony,67
Auron,1335
League of Legends,1624
StudyIQ IAS,60875
Dropout,5086
MattyBRaps,213
TazerCraft,4179
Rclbeauty101,453
KOMPASTV,379029
ABC News,105518
PlayStation,25818
5-Minute Crafts Recycle,6860
Fueled By Ramen,1246
PrestonPlayz,1153
Doc Tops,434
Cyprien,285
The Slow Mo Guys,363
THE BROWN SIBLINGS,1761
Lachlan,4114
MoreAliA,2864
MNCTV OFFICIAL,83096
AdeleVEVO,52
Colors Rishtey,41248
Kwebbelkop,5615
Sony Music South,4449
Telemundo,21934
Geo News,316258
infobells,697
Atlantic Records,2020
Wish 107.5,2534
Lana Del Rey,46
Rosanna Pansino,1826
SIS vs BRO,439
Neha Kakkar,191
MyMissAnand,498
The Dodo,12569
Hacksmith Industries,1331
infobells - Kannada,679
NishaMadhulika,2395
AM3NlC,6351
Dental Digest,621
Jazzghost,6189
karameeshchannel,2611
Desi Gamers,1493
TV Ana Emilia,1018
F2Freestylers - Ultimate Soccer Skills Channel,783
E-MasterSensei,1546
Zee Bangla,182752
NikkieTutorials,925
Alexa Rivera,399
MalumaVEVO,241
Jamuna TV,198345
Veritasium,460
Zee Telugu,208410
Lindsey Stirling,564
The Vishal bhatt,1751
JOJO TV,348
RS 1313 SHORTS,8072
Think Music India,6672
SelenaGomezVEVO,221
Invento na Hora,1413
Vlad and Niki PRT,800
Acenix,581
Indore Physical Academy,3309
TommyInnit,523
DALLMYD,461
ETV Jabardasth,15205
SEVENGERS,1519
DangMattSmith,2568
Sanjoy Das Official,496
Calon Sarjana,821
BanderitaX,2009
Codiscos,7499
The Q,345
penguinz0,6630
Peet Montzingo,559
gymvirtual,1884
Sonotek Bhakti,9825
CookingShooking Hindi,393
BBC,25266
VexTrex,765
Brawl Stars,343
Vogue,5382
theRadBrad,8902
The Infographics Show,5794
Alex Gonzaga Official,474
Top Viral Talent,1908
Technology Gyan,1340
Ei Nerd,8866
Dj Khaled,52
JesseAndMike,784
Matt Steffanina,899
Kurt Hugo Schneider,741
GH'S,1031
Lofi Girl,278
Davie504,969
Trakin Tech,4350
Ryan Trahan,470
Kabita's Kitchen,2191
jbalvinVEVO,271
Wengie,478
Vlad y Niki Show,755
H2ODelirious,4568
Typical Gamer,6068
RaptorGamer,2109
twenty one pilots,279
Stray Kids,1763
Saturday Night Live,9466
AzzyLand,1871
The LaBrant Fam,641
DJ Khaled,75
WiederDude,383
Susy Mouriz,2322
Lokdhun Punjabi,1237
Painzeiro,1611
ryan trahan,26
JULIA GISELLA,824
Wolfoo Channel,193
Go Ami Go!,466
Bebefinn - Nursery Rhymes & Kids Songs,846
LOST,610
Wolfoo Family,214
elcarteldesantatv,404
Wave Music Bhakti,21764
Morgz,906
Talking Angela,455
Flowers Comedy,28794
First We Feast,2507
Disney Club UK,4733
Family Fitness,2695
Avril Lavigne,261
Adam W,1032
MoniLina,975
Blossom,1501
Zee Tamil,171974
NDTV,241981
Zee Kids,5171
Akon,85
Troom Troom India,2952
EnriqueIglesiasVEVO,154
NickiMinajAtVEVO,111
ANYA KOVA,4830
Ellie Goulding,256
Future,79
DEV Ke Facts,829
Right to Shiksha,228
Ian Lucas,529
bharatzkitchen HINDI,987
Jass Records,7138
MrSuicideSheep,3806
Diana and Roma IND,750
CaseyNeistat,1118
_vector_,618
colinfurze,434
Quantum Tech HD,509
TKOR,1918
Health Time,1661
Franco Escamilla,3835
Troom Troom PT,3304
YoungBoy Never Broke Again,220
People Vs Food,1019
Panda,2097
Venus,216
BeckyGVEVO,206
RobTopGames,68
Marília Mendonça,242
Caylus,2133
Happy Funny Kids Toys Pretend Play,142
СЮС,300
YRF Music,851
KanalD,43686
Inside Edition,38768
1theK (원더케이),21897
Cartoon Network,5424
Zé Neto e Cristiano,597
AmusementForce,9236
ItsFunneh,3070
Flow La Movie,95
Disney Jr. Latinoamérica,5518
ImagineDragonsVEVO,303
ТСН,292382
Kids smile TV,380
Emily Tube,718
eltrece,215763
Haryanvi Maina,2727
NollywoodStreams,0
SebastianYatraVEVO,149
LosAngelesAzulesVEVO,116
Aditya Music,28728
AnuelVEVO,34
Asianet,128795
SiaVEVO,124
ChainsmokersVEVO,268
DuDuPopTOY,2238
ETV Andhra Pradesh,439848
✿ Kids Diana Show,1437
La Granja de Zenón,1108
Free Fire India Official,2415
Caso Cerrado,5110
Nickelodeon,5236
Tom Slime,3711
RizaNovaUZ,9715
SyrebralVibes,618
Goo Goo Colors,2093
Muselk,2425
TravisScottVEVO,142
MigosVEVO,115
Dr. Phil,15739
Team Coco,11695
Clean Bandit,274
prenses elif,6655
Come Play With Me,530
DrakeVEVO,153
Tiana,1062
TheWeekndVEVO,238
HaAshVEVO,212
NOLLYMARRIAGE TV,0
avex,14916
TygaVEVO,210
reikVEVO,273
Stephen Sharer,1990
MBC مصر,55585
tlc uk,3687
HikakinTV,3644
Izabeloi,1005
Talent Recap,2561
ThaliaVEVO,200
Cut,2359
Thơ Nguyễn,2197
Anand Audio,7316
MBCentertainment,110816
CalvinHarrisVEVO,255
RomeoSantosVEVO,212
Alpha TV Greece,34076
Blippi Toys,1395
icanrockyourworld,8
Hasbro,4978
Pina Records,462
michaeljacksonVEVO,136
Toys Make Me Smile,113
Brancoala,2305
DenLion TV,681
ATIME,22975
DEL Records,1002
Barbie,4324
Mr. X,4132
JenniferLopezVEVO,124
Jaeguchi,1635
MSNBC,103688
EvanTubeHD,958
MBCdrama,68928
VikatanTV,28347
As/Is,4838
Super Polina Play,523
Imagine Your Korea,887
옛드 : MBC 옛날 드라마,48900
Antena 3,28863
TLC,9912
Katie Cutie Kids TV,119
ChildishGambinoVEVO,57
Fortnite Clips,575
YL Toys Collection,47
ExtremeToys TV,409
Facts Verse,8329
So Yummy,1674
Mejores Juguetes,1126
ChrisBrownVEVO,344
Chill Nation,2645
Lifetime,11694
Warner Music México,3956
Piso 21,792
Flashback FM,1723
RDC Gujarati,9192
SagaHits,3344
V6 News Telugu,401187
Daily Bumps,3032
ESPN,98461
Home Bollywud,7844
Selena,60
Shalimar Telugu & Hindi Movies,82414
Comedy Central,6488
Hindi Fairy Tales,792
Telemundo Series,17100
SlenderMan™,3547
HikakinGames,2339
packattack04082,7760
Vinamilk,1565
Denis,2803
Deji,2128
PrinceRoyceVEVO,212
tvnpl,18951
Mango Music,8352
M2,28988
PostMaloneVEVO,163
Caracol Televisión,39706
Shot of The Yeagers,3471
Vy Qwaint,706
UnspeakableReacts,2957
Solnishkam,14
AP International,44992
MoratVEVO,111
truTV,5779
GRM Daily,15458
Haschak Sisters,279
NTV Telugu,462371
Larva TUBA,2457
Me contro Te,3370
SAS-ASMR,2669
Discovery Kids,4409
GWK,3214
TVCHOSUN - TV조선,110483
Wesley Safadão,665
OfficialWhiteMusic,3806
DJKhaledVEVO,127
Rathore Cassettes,6885
BuzzFeed Multiplayer,1879
JonasBlueVEVO,123
Life with Brothers,1799
Warner Música,1239
SilvestreDangondVEVO,310
GEazyMusicVEVO,219
JuanGabrielVEVO,334
SamSmithVEVO,170
SUNDRANI,7176
Tik Tok,112
Ambey Bhakti,7325
ONE Media,7813
TeluguOne,61336
PopArt Discos,3471
Movie Clips,259
Cat Music,3099
CNN Indonesia,138393
BIG Magic,18898
EllaMaiVEVO,66
Sumeet Music,2768
ABP MAJHA,541595
JaxJonesVEVO,46
Insider,8028
Anupam Movie Songs,3628
DANIEL EL TRAVIESO VIDEOS,652
NDJ Film Official,3337
IULITMx,10379
mallemalatv,19123
BillieEilishVEVO,183
Vividplays Channel,3234
Planet Earth INDIA,696
The Sean Ward Show,850
ArkivaShqip,8887
emma chamberlain,307
Tarang TV,82348
CantaJuegoVEVO,627
Telefe,88846
AviciiOfficialVEVO,144
Kids Learning Songs,764
Bryant Myers,86
MessYourself,1068
Funny Vines,894
RemexMusic,4970
GunsNRosesVEVO,114
Annoying Orange,2392
littlemixVEVO,253
SonoraDinamitaVEVO,85
YGVEVO,131
Universe Adventure,542
Fun Kids House,45
YuridiaVEVO,235
Grand Production,5970
FORMULA 1,9196
OneRepublicVEVO,285
AFernandezVEVO,194
LG India,2629
OLGACRAFTS,229
simayproduction,344
Wow Kidz Comedy,6166
Brent Rivera,848
MoonKase,7529
CNCOVEVO,128
Hillsong Worship,807
KarolGVEVO,134
ETV Plus India,34520
NH Studioz,4961
Oddbods - Official Channel,2538
GameGrumps,9514
SpJockey,1936
storybooth,399
Viral Maniacs,189
CarlosVivesVEVO,158
BE AMAZED,2097
SuperHeroKids,471
Platinum Records,776
Tibo InShape,6054
ABC Puzzle Kids,4
Gojzer,498
Oops.Banana,1474
lesliegraceVEVO,43
L'Algerino,123
SumanTV,133960
KBS Drama,153315
Eros Now Movies Preview,1778
Imedia Mix - أي ميديا ميكـس,3645
Trinity and Beyond,1108
Univision Noticias,88531
Lâm Vlog,717
whitneyhoustonVEVO,191
Flamingo,2711
Crazy Frog,60
Anne-Marie,433
Chetak,12495
The Late Show with Stephen Colbert,12333
Betty Crocker,1067
NAJWA FAROUK OFFICIELLE,27
Mo Vlogs,2018
Grammarly,270
OPPO,512
Power Vision,1513
Seconds Out,22597
MonLaferteVEVO,215
Passenger,415
DisneyJuniorIT,2197
Dharma Productions,1978
MBCkpop,54895
Miniminter,2442
Saas Bahu Aur Betiyaan,58265
The Divine Tales,2425
MostAmazingTop10,10483
TheEngineeringFamily,3985
ProsafiaGaming,2269
AllGoodThingsNetwork,239
Red Hot Chili Peppers,200
70cleam,1161
Armin van Buuren,2592
acdcVEVO,208
Screen Rant,9835
Skyheart's Toys,442
Rai,94351
RaceToyTime,1928
Fox News,126907
loveliveserve,1430
Metallica,2262
Wassabi,102
Carter Sharer,759
Tamil cinema,6303
Riya Films,11371
MarkRonsonVEVO,135
Promiflash,10413
HobbyFamilyTV,3842
Duo Tiempo De Sol,606
LBCI Lebanon,61609
What Would You Do?,424
KjraGaming,3539
PlanetaOfficial,4814
GurinelTV,7315
T-Rex Ranch - Dinosaurs For Kids,1163
Milusik Lanusik,208
CGMeetup,1317
Hungria,409
BBC Earth,3147
Video Game News,15529
Juice WRLD,189
Hector19Aquino,810
50CentVEVO,62
Toys Academy,727
Star Maa,62975
Rajshri Tamil,6530
MasterChef Brasil,6710
Los Juguetes de Titi,1259
Nickelodeon UK,3585
Adam B,1113
MundoBitaVEVO,37
ReikaSole,297
Rtv Drama,6665
Cris Devil Gamer,1598
kevingatesTV,1470
Maymo,614
The Young Turks,69211
Fresh Media Records,307
Filmistaan,52
Dobre Brothers,1276
Geetha Arts,10140
MelendiOficialVEVO,108
Disney FR,2634
The Jerry Springer Show,3274
AndrewSchrock,3890
PinkVEVO,206
BonJoviVEVO,151
Sony Pictures Entertainment,5324
FutureVEVO,413
serial,1400
#Mind Warehouse,960
Great Big Story,3359
ManoWalterVEVO,29
Super Kids TV,79
Warner Bros.,3434
NoobFromUA,5561
Cinekorn Movies,528
Polimer News,337844
NATTI NATASHA,420
Al Rojo Vivo,62788
TBNRFrags,2026
WatchMojo Español,7567
Myntra,8115
CalumScottVEVO,90
Noticias Caracol,124067
Tic Tac Toy,276
RonaldOMG,1982
KBS Kpop,58762
Premium Digiplex Movies,407
ElAlfaElJefeTV,221
FOX,5630
Jorge el Curioso en Español,2468
Top5Gaming,2093
Maiara e Maraisa,346
ABN Telugu,295584
Sofia Reyes,209
WhiteZunder,7079
RHINO,1682
takahashi taiyou,351
ElTrollino,1567
Душевные истории,211
Hannah Stocking,762
MDTV OFFICIAL,34401
ЖЫРНИДАБ,144
Clevver News,24466
442oons,2203
けんたさん,1780
jvnq,9050
SVF,7730
GameMixTreize,6368
PJ Masks Official,9584
YAPYAP,2663
LadyGagaVEVO,242
OHA diyorum!,3048
Olympics,17421
ゆうぴょん,1541
PoliceActivity,2470
KanhaiyaCassette,10538
Vivo,1662
Pyaar Lafzon Mein Kahan,3417
TapGameplay,13598
FilterCopy,1211
Proximity,2171
HJ NEWS,36122
TV-People,25737
DreadMarIVEVO,90
TV Promos,24101
BritneySpearsVEVO,135
MeghanTrainorVEVO,326
TheSoundYouNeed,474
PitbullVEVO,196
Just4fun290,1297
NewBadLabel,342
japanesestuffchannel,6964
Muzik247,3417
TV3MALAYSIA Official,55360
Call Me Kevin,1932
ZEDDVEVO,85
NDJ MUSIC,7854
Karina Garcia,648
MariahCareyVEVO,526
БАТЯ,381
wisinofficalVEVO,90
Humble Music,837
Bengali Fairy Tales,793
Фиксики,1454
DroidGameplaysTV,13992
Smasher,298
MatheusKauanVEVO,162
AVM GANA,4335
WhatsUpMoms,952
J House Vlogs,1877
OWN,18695
7-Second Riddles,5729
enakimura,2745
Elhiwar Ettounsi,14981
5SOSVEVO,84
Nintendo of America,7071
Typhlosion4President,2039
MCVMedia,17703
vicentefernandezVEVO,621
Team Edge,900
BrunoEMarroneVEVO,346
Shemaroo Kids,2890
El 13,59158
bradesco,979
RicardoArjonaVEVO,151
Nek Music Tv,1482
TUBERIDES,5168
StarPro,3494
ARY News,192821
RickyMartinVEVO,307
YouTube Brasil,603
TheBeatlesVEVO,77
TMZ,20240
Servando ZL,564
Chills,1286
fun,296
COLORS,1610
Tiny Treasures and Toys,4525
Breakfast Club Power 105.1 FM,13747
DonOmarVEVO,53
SBS Entertainment,238857
Knallerfrauen,3795
AkonVEVO,71
Colors,26449
Google,2407
mahzaidi,1179
Rayito,281
MULTIMEDIOS,47227
Troom Troom SELECT,1621
KBS Entertain,133630
Steve TV Show,8658
welovekamikaze,2219
kougeisha,2985
JamesAVEVO,147
msvogue23,10
Juke Dock,624
SAMAA TV,230420
Vikkstar123,5112
ETV Dhee,9255
FifthHarmonyVEVO,87
EverythingApplePro E A P,1765
Happy Channel,8070
Indeed,1772
BandaLosRecoditoVEVO,248
Kitchen Nightmares,2120
justintimberlakeVEVO,87
The Amazing World of Gumball,1727
BackstreetBoysVEVO,118
ElChurches,3827
djvlad,37370
CalibreCincuentaVEVO,502
KygoOfficialVEVO,143
Top Gear,1790
Saas Bahu aur Saazish,46236
CrazyDek,32
Werever2morro,987
Folagor03,10904
CarlosRiveraVEVO,310
The Axel Show,688
chayanneVEVO,192
Tv9 Kannada,469424
Pentatonix,331
Operación Triunfo Oficial,14332
Christina Perri,207
Badanamu,1119
Aaron Esser,516
Little Big Toys,330
sagamigaokaac,287
Wow Cartoons,7147
Manorama News,545978
OGGY,1649
SunnyKidsTV,14
Crime Files,1139
SkyrockFM,11362
Bratayley,2613
VH1,3197
OficialMana,189
Memeulous,719
Totally TV,990
Unknown Mysteries Hindi,1214
ВЕЛИЧ,97
Tropicumbia Grupera,217
Grillonautas2,12484
Paluten,8591
Gorillaz,422
Collider Behind the Scenes,3877
Amixem,1179
N.E Let's Eat,1580
KendrickLamarVEVO,61
cea,805
BBC Three,4551
МАЦНИ,527
Mother Goose Club,1667
alwiyan syafir,753
Kodak Black,673
Viralbollywood,41080
BlackEyedPeasVEVO,134
RotonMusicTV,3219
Nike,635
SUPERDivertilandia,567
JRE Clips,5822
asianetnews,393411
Báo Thanh Niên,72705
NFL,51933
Slot Yönetici,164
ProjVEVO,90
The Voice : la plus belle voix,3964
Lyca Productions,4890
Miranda Sings,921
GeorgeEzraVEVO,118
CentrumBrasil,78
Behindwoods TV,76238
Random,1012
Realcinemas,4684
TVB USA Official,81319
SeikinTV,2001
Top Talent,1132
beegees,223
Minh Pham,85
Seamusica Official,19858
T-Series Telugu,4342
Carla Morrison,310
QueQualityPL,1218
LucianoPereyraVEVO,258
EnzoKnol,6224
Hip Hop/R&B Lyrics,3174
The Try Guys,1533
TheKAIRI78,5003
DemiLovatoVEVO,241
MrRevillz,4400
Madame Récré FR,2011
marcanthonyVEVO,120
Bunlar KAÇMAZ!,2731
Wells Fargo,491
TurmadoPagodeVEVO,265
Dead Meat,1546
CBS News,143198
Sani Music Indonesia Official,1994
Soothing Relaxation,589
NFL Throwback,1918
Kapamilya Trending,4230
TsMadaan,2443
lunacreciente,3946
INNA,1289
Karim Juega,1593
Ram Audio,2801
Cartoons Mee,1442
вДудь,227
DJSnakeVEVO,67
AbbaVEVO,91
MrDeepSense,802
CumbiaTube,1864
Antonio “Pacman is a Bad guy” Palmucci,338
Hollow,6737
ELLO,9787
iPantellas,1686
Astro Arena,19167
This Morning,15909
KapitalMusicTv,141
SYMPA,10154
GameSpot,41009
CinemaSins,1757
TrapMusicHDTV,716
KaneBrownVEVO,250
HiHo Kids,1048
Pupugames,3520
BBC Radio 1,4306
JessieJVEVO,96
Jackson O'Doherty,133
FilmsActu,12762
videogamedunkey,949
KidsBabyBus HD,2350
NFVEVO,100
Hot Wheels,4160
レトルト,3828
WildFilmsIndia,116519
NightcoreReality,348
AlvaroSolerVEVO,63
LukeCombsVEVO,192
TomoNews Indonesia,7832
St3pNy,5688
EvanescenceVEVO,50
DubstepGutter,1826
Genius,3630
GloriaTreviVEVO,113
Dil Raju,2770
さっさん / SASSAN,1153
Young Thug,390
Thinknoodles,6851
Google India,1227
Times Music,3321
TurboToyTime,655
Wrzzer,693
TODAY,47252
Deck,8091
Sangeeta Music,3186
BombaEstereoVEVO,93
Aventura,148
Kluna Tik,413
BaLiTa - Baba Lili Tata,1137
Gloom,1209
BogMonsterZ,822
jaipurthepinkcity,2919
TheGamingBeaver,3959
EllieGouldingVEVO,161
PanArmenian TV,19104
LUDMILLA,354
Dalas Review,1939
I Can See Your Voice PH,2403
RaeSremmurdVEVO,70
Natalies Outlet,1302
LDShadowLady,1096
JoeyMontanaVEVO,50
ChinoNachoVEVO,42
MaitreGimsVEVO,99
MsMojo,10086
Telemicro,34823
AvrilLavigneVEVO,114
BlackStarTV,386
Marunadan TV,127116
The Graham Norton Show,2469
Imagen Noticias,240150
AmyWinehouseVEVO,59
News7 Tamil,154277
2MTV,30070
Philip DeFranco,2415
Primitive Survival Skills,401
4NonBlondesVEVO,4
LHUGUENY,543
BibisBeautyPalace,747
TmarTn2,12729
LeoDanVEVO,348
FrancodeVitaVEVO,121
Talk Shows Central by DRM,37624
DjMaRiiO,5281
PinkPanthersShow,124
CD CHOICE Drama,2416
DozeCamp,1048
RuLingGame,2106
Bethel Music,2229
TopNotch,4417
OTV,415273
Gold Coast Music,1868
Annoying Orange Gaming,3732
CAguileraVEVO,101
Flavia Calina,2763
MisterSatanZ,163
Kontor.TV,2786
FESTIVALDEVINACHILE,9555
brunokguimaraes,7
Polsat,11263
StevenCrowder,2170
Moriah Elizabeth,533
fazz160,946
BreakMan,723
GameSprout,3268
SeseGel,3353
SMG4,994
melo92i,110
VICE News,6707
All Def,3360
Star Jalsha,141588
ProstoTV,1885
Fran MG,2265
LanaDelReyVEVO,91
Telenovelas,21073
Gabriela Rocha,290
Film&Clips,14119
The Fifth Dimension,186
Daz Games,1686
Madonna,360
We Are The Davises,1168
Imagen Entretenimiento,137405
Desimpedidos,4653
Red Bull,6723
RagnBoneManVEVO,247
XpertThief,2283
VisitMexico,1207
Awesomeness,8232
GerardoOrtizVEVO,145
CyndiLauperVEVO,100
ZaiLetsPlay,5476
MLB,304693
jacksfilms,1643
taff,4611
FARRUKOVEVO,132
Primitive Wildlife.,89
VeeFriends GO!,1307
FunnyPig,1000
Akillheals,753
Star Media,16464
Brijnaari Sumi,4219
BrunoBarrettoVEVO,48
EduardoCostaVEVO,95
The Rybka Twins,1803
David Solis Piano Music,98
cosfit1,79
rusplaying,109
Miramax,1620
Nickelodeon France,4468
Combo Panda,1567
Big Animation,1070
Papa Jake,1092
Taz Network,1699
Thanthi TV,570655
Boomerang UK,2964
Studio Sangeeta,5085
DosEquisMx,386
SuperbLyrics,1517
Nickelodeon Italia,3746
Banglavision DRAMA,4926
Thar Production,16707
The Action Lab,972
Happy Bachpan,515
BabyKVEVO,34
SimoneSimariaVEVO,58
Ventaneando,15898
TellyMasala,43123
Coisa de Nerd,2003
Did You Know ?,5860
TeamFourStar,709
Marwa Loud,55
BASS BOOSTED SONGS,831
Univision,31453
Calle13VEVO,88
JustJordan33,870
TVN Chile,49057
Howcast,23069
joystick,414
Duki,198
Discovery Home & Health,7177
GoPro,3063
GQ,3695
EthanGamer,1112
Applause New York,1033
CiccioGamer89,8605
Khesari Music World,723
SonsGames,2592
redimi2oficial,577
Android Games,5642
Candy Land,1124
Verizon,42
The Pals,1444
Safiya Nygaard,230
The Daya Daily,307
aiudesk,1386
BigDaddyHoffman1911,685
Complex,4983
Disturbed,552
noahsarklabel,1527
ExplosmEntertainment,1624
Mr. Nightmare,487
Dosogas,447
systemofadownVEVO,33
iggyazaleamusicVEVO,93
LaurenZside,2284
rewinside,5034
Capital FM,3308
Various Artists - Topic,120
AlfredoOlivasVEVO,136
The Real Daytime,14541
Jamal Al-imwase ـ جمال العمواسي,4931
Corridor Digital,259
Yellow Music,899
GaitherVEVO,4046
YlovesMUSIC,725
Supernanny,2597
Bollywood Bai,1157
ZackScottGames,13425
ZoeVEVO,180
Hope Music Ethiopia,3604
Scoop,1818
maidigitv,51443
RTGame,1156
JT Music,854
CelineDionVEVO,488
Disney Channel,4399
ModernTalkingVEVO,63
UsherVEVO,152
News18 Hindi,8915
ascadamusik,684
GEMblog,338
ATHLEAN-X™,1633
Cloe Breena,366
BangerChannel,901
Las Estrellas,72657
MGKVEVO,141
Why Don't We,171
MyLifeAsEva,349
GermanLetsPlay,6906
YOYO TV Channel,175713
Bhojpuri Hit Songs,4448
jesseyjoyoficial,321
Seventeen,3923
Gameplayrj,22696
BUSHIDO,243
atiempopreescolar,411
AllAroundAudrey,1242
Familia Diamond,1429
Man + River,193
coilbook™ | Learning For Children,156
monsterchannel24,1972
#Mentale Zuflucht,1649
iTownGamePlay *Terror&Diversión*,9694
Hardcore News,15128
Turk 1 by DRM,30301
mastkalandr,1969
SpyCakes,3382
xuxaVEVO,2
Paternity Court,1912
No Jumper,8392
Zee Music Marathi,4921
KanyeWestVEVO,119
Gronkh,17565
TV Derana,38952
Epitaph Records,4774
Fanta,672
Schannel,14208
KidsTV123,336
blndsundoll4mj,2329
Visit Abu Dhabi,559
Bearhug,1316
AsfaltRecords,1671
WaveMusic,2457
Shemaroo Kannada,4552
TinenQa,1724
Hindi Movie Cult,109
Cizzorz,1122
Tai Lopez,3014
Dorkly,1399
DisneyToysReview,3030
Wilderness Life,584
FlaGeorgiaLineVEVO,179
SurpriseFunTV,2213
HYPE,13796
MarcoASolisVEVO,76
Entertainment Tonight,50934
TiestoVEVO,109
The 8-Bit Arcade,19211
ค่ายโคนายและโจรมิวสิค,2264
돌섬,1494
Entertainment Access,7048
Talisa Tossell,233
Pk Mast,1729
KendjiGiracVEVO,0
Bongo,1544
Chromebook,29
KinoCheck,7488
News Express,86294
LastWeekTonight,880
LukeBryanVEVO,161
VTubers,1009
sisters fun tube 2,1012
AP Archive,640293
Chase,318
PJ Masks em Português - Desenhos Animados,2890
Anima,2282
Ruhrpottwache,4162
Venga La Alegría,29088
Arcangel,272
Best Trends,234
mania japansong,449
Guinness World Records,2782
Midas Music,1416
One Challenge,1709
Grab Official,3079
MM7Games,6031
NirvanaVEVO,129
Plush Time Wins,2154
Saskia's Dansschool,321
Shishodia Cassettes,2961
MarkAngelComedy,1293
ArcadeGo.com,10647
Tomorrowland,2680
Kids Entertainment,70
FiftyShadesVEVO,16
Nuclear Blast Records,7082
Arazhul,3936
OasisVEVO,83
stampylonghead,4131
DroidCheat,9584
Dope,1104
FrenchMontanaVEVO,110
STORROR,1182
SMALLROOM,2382
Doctor Squish,251
JustKiddingNews,9025
How It Should Have Ended,540
CD Choice,2033
People Are Awesome,3851
Koo Koo TV Hindi,1457
GoodDayOfficial,3448
Primer Impacto,19262
ToyStation,1081
Channel 4,2737
Coby Persin,428
L'atelier de Roxane,1368
Slipknot,268
Fanpage.it,40277
ChrisStapletonVEVO,105
Life with MaK,200
Bulkin,9613
TVSmeshariki,1861
westlifeVEVO,380
Power Volleyball,3655
Domics,212
Zoom,686
aliciakeysVEVO,269
RadaanMedia,4778
Shemaroo Punjabi,3817
SaneuB,103
Colgate-Palmolive Europe,681
LaurDIY,477
Top Trending,403
Zee Studios,2136
JasonAldeanVEVO,22
ExpCaseros,1139
Jovem Pan News,182083
Michou,848
GunVsGun,382
Hueva,874
Danny Gonzalez,296
ElBebetoVEVO,164
SodaStereoVEVO,240
Gabby16bit,3843
PretoNoBrancoVEVO,55
Panic! At The Disco,220
TotoVEVO,46
Saawariya,4449
FitDance Life,1423
Only Human,835
Turtle Interactive,697
zoom,114269
fosterthepeopleVEVO,99
LMFAOVEVO,28
Shruti Arjun Anand,697
Interesting Facts,204
ZaraLarssonMusicVEVO,195
Petco,896
georgemichaelVEVO,188
GenteDeZonaVEVO,65
MarcusMartinusVEVO,47
Craftronix,427
Groovy The Martian,1920
RDC Banglar Geeti,13467
Smosh Games,4029
EnewsOdia,1883
The Voice of Nepal,2668
Haqeeqat TV,10163
LaBerisoVEVO,308
gameranx,4437
Dwayne N Jazz,4018
Mumbo Jumbo,2163
Kindly Keyin,3301
JOHNSON´S® Baby Brasil,80
Bon Appétit,1723
Disar5,0
RimKVEVO,32
Hollyscoop,9927
The Norris Nuts,1075
Hiru TV,53182
Really Clever Androids,51
Ryan Upchurch,466
Mehrban Ali,3348
Tati,2123
Selected.,1939
Movie Talkies,52595
Play4Games,1934
Pyrocynical,666
Zero Media,2252
Peque Música,581
New Bollywood TV,146
Callux,339
OfficialCKanVEVO,256
BMTHOfficialVEVO,114
AroundMeBD,2884
OSR Digital,5802
TheRussianBadger,650
Emergency Awesome,6587
Jessi Uribe,321
PharrellWilliamsVEVO,64
AudioslaveVEVO,18
Astro Gempak,7727
DemolitionRanch,728
Eurovision Song Contest,8204
Ultra Marathi,10965
Kaumudy,71202
G M Dance Centre,408
Green Day,766
TEAM KUKU,94
AlphaSniper97,4429
"Tyler, The Creator",105
GBR - Giochi per Bambini e Ragazzi,2374
Global News,48143
Warner Music Spain,1946
WIRED,4081
LIVELOVEASAPVEVO,93
SeanPaulVEVO,103
KK CASSETTE,3648
LOKMAN,461
Ricardo Arjona,409
Baby Gizmo,2658
Monstercat Uncaged,2381
freekickerz,1702
BigDawsTv,544
Орел и Решка,2327
Smithsonian Channel,3380
Oddbods Español,1382
Headspace,625
Hnos. Damaris,483
POPxoDaily,4841
DrDreVEVO,11
NLaFourcadeVEVO,266
Tulio Akar e As Gatinhas,1503
Official Arctic Monkeys,89
MerkinMuffly,563
Telemundo Entretenimiento,35196
T-Mobile,907
Gucci Mane,536
TheCranberriesVEVO,33
DavidBisbalVEVO,146
All in one,170
Research Tv India,997
All In One,1808
Show and Tell Toys,552
XBRAKER VS ARCADE,11978
5FDPVEVO,157
LODVGVEVO,146
lozaus1,232
CBS,51809
Smart duniya,5892
NPR Music,2824
EarthWindandFireVEVO,184
HOTVODyoung,8219
Jenna Dewan,60
ALL in one,528
UrbanoVideosTV,55
Tary,10412
CoasterForce,3906
Robin Schulz,644
Color Man,5091
Level UP,355
Die Antwoord,133
HYPEX,1141
Love Forever,179
Kubz Scouts,2973
GEICO Insurance,218
Will It Slime?,226
Jaze Cinema,4708
NellyVEVO,88
@ATshortsATshorts,2164
TV9 Gujarati,308996
Oi,1334
Disney Kids Italia,3044
AnavitoriaVEVO,73
TheBrainDit,9481
MANYACRAFT,3711
FilmiBeat,98824
SHREEBHAJAN,1492
WhatCulture Wrestling,12129
Monsta,2212
Daftar5 TV,9
STARSHIP,2292
쉐리,11617
Veena Music,3074
Mac Miller,247
Maasranga TV Official,7881
Nuke's Top 5,308
Grandpa Kitchen,592
MileyCyrusVEVO,169
PragerU,5816
kiiroitori1229,107
Active Self Protection,4199
No. 309,5003
VehliJantaRecords,436
Thai PBS,172232
AbstrachujeTV,927
ROBERT PG,982
CaptainSauce,2178
Tarang Cine Productions,2877
Variety,6134
MehndiArtistica,1788
Crown Records,399
MysticGotJokes,761
Pebbles Hindi,3474
Palmashow,566
Roadrunner Records,462
Julia Silva,1320
ILuvOlitz2,257
ALPACO,172
HBO,10581
dontettotv,70
NerdOut!,503
Carbon Fiber Music,131
DavidsTV,656
SamsungChile,3494
Peter PlutaX,3676
NoahsNoah,495
Poke,2974
FernandoSorocabaVEVO,99
Global Health Media Project,2000
VS RECORDS,1572
RioromaVEVO,152
LetsPlay,4296
The Ohana Adventure,2448
WisinYYandelVEVO,76
Glee Scenes,1823
MagmaMusen,654
Wylsacom,4257
MDTV NEWS OFFICIAL,141852
TwiinsCuliacanTv,6003
NickJonasVEVO,101
UsagersDesLilas,18
AerosmithVEVO,172
Trend Central,314
MaviSlime,771
Ksysha Kids TV,146
Nick Eh 30,684
Magneoton,1432
Swami Ramdev,9319
TeroserPlay,4730
Joko & Klaas,1812
MTV Lebanon,59215
Swissbeatbox,5832
DatPiff,35704
iGameplay1337,625
Levi's®,834
DilsinhoVEVO,239
中天電視,167141
Ameer Bros,436
IGN Games,2778
BlastphamousHD TV2,4755
Phinxino,0
Wamindia Movies,663
DashieGames,3349
Yummy Cake,5
TV5 News,346387
The Icing Artist,466
Nando Moura,3117
WhatCulture,5287
Momo,2109
DaftPunkVEVO,40
92 News HD,127808
Imran's Toy Reviews,2211
강아지,451
NewMelody,818
NeYoVEVO,173
Niki and Gabi,538
Dunya News,242146
foofightersVEVO,168
Rvssian,170
Radial by The Orchard,13961
Mythri Movie Makers,2486
The Living Tombstone,289
luisitorey,1509
Blitz,5865
Bloveslife,2159
Lifia Niala,696
Antena 1,40866
Animal Planet,5852
Machinima,0
Cyberpunk 2077,236
Smosh Pit,2765
Thomas & Friends,2903
LaSabri,2006
Village food factory,506
TheScriptVEVO,150
Queen Naija,333
Gumbal,5565
DJHAMIDAOFFICIEL,284
Origins Explained,4127
xxYjYxx,427
Official iNews,361875
Comicbook.com,4740
TonightShowNet,8005
USA TODAY,28208
Single Track Studio,1798
Brandon Rogers,341
Blox4Fun,2971
AdamThomasMoran,729
Diki Duki Dariel,1005
Sunita Agarwal,3148
leorojasVEVO,15
Discovery UK,4123
Debbie Doo Kids TV,179
Lukas Graham,155
RahatFAKhanVEVO,3
camilaVEVO,137
News Now,56918
Unisys Music,608
ToniBraxtonVEVO,61
FOUSEY,139
CineBox Pictures,2265
Solo,972
Ben 10,1484
Wismichu,109
Bollygrad Studioz,73186
Wu Tang Collection,2399
MondoMedia,1559
Wankil Studio - Laink et Terracid,1583
moviecollectionjp,35997
Indian Tele Tadka,273
DAYMOLITION,5979
jogodoido1,125
NTV Entertainment,70729
EstrellaTV,31282
SelenaVEVO,60
Kelli Maple,3806
Gibi ASMR,1604
Little Big,155
Guardian News,20442
Cakes StepByStep,509
JenniRiveraVEVO,24
Disney Channel Africa,3602
Joe Weller,340
Khan Academy,8986
GREAT IDEAS GREAT LIFE,693
MonkeyBoo,2081
Screen Junkies,1528
KrazyGummy,2437
MediaoneTV Live,454730
TomoNews US,17168
Luli60able,0
HI-TECH MUSIC LTD,996
Funny Kids,1
alpha m.,2626
AvonBR,886
SumanTV Kannada,1
Amazing Auditions,1090
ONE Championship,15054
AndreaBocelliVEVO,309
Dread Mar I - Oficial,129
SehatAQUA,687
TGFbro,471
CidadeAlertaRecord,25566
XAmbassadorsVEVO,113
Wings Marathi,2617
LIT killah,114
Rahim Pardesi,297
EchorouknewsTV,60809
CBR,5566
Taco Hemingway,129
Dan and Riya,1241
Jordan B Peterson,1486
GameTunes,43
Iman Gadzhi,467
Ediv Music,43
Nathaniel Drew,203
Ford India,170
FR DANIEL POOVANNATHIL OFFICIAL,1286
Pamela Reif,314
The Bong Guy,94
John Ankerberg Show,3228
Dhurata Dora,41
The Singing Walrus - English Songs For Kids,146
Antroporama,53
Hornstromp Series,412
WildBrain Kids,5527
Free Time,235
Rachit Rojha,271
beIN SPORTS Asia,36614
Skills Factory,544
Republic World,164219
KingKennyTv,125
Nick Pro,748
shooterwilliamson,348
SoCal Supers,936
Action Dhamaka,819
RiahEditz,151
Thijs Hearthstone,5330
Haru the Shiba Inu,417
Drew Lynch,528
Dazran303,3085
피기보이 PiggyBoy,731
YOUCAR,5091
HD Melbourne Aviation,1589
Bad Chad,2092
Shruti Shorts,591
MJ Fitness,3037
MotleyTV,46
Adrian Gray Comedy,155
Idiots,1129
Mediocre Man Comics,338
Filmy Focus,50487
Flyingmeenaboi,545
Gulf Oil India,424
FRANKIEonPCin1080p,209
Krishna Budhathoki,774
Colors Gujarati,3183
BLOX STARZ TV,155
PJ Explained,2491
Geraza,46
green3y3guy,7
Feminist Frequency,497
Badshah,288
B-rad,280
Dolph C. Volker,208
The Horizon,23
CAPTAIN GPM,1835
Lahuri Tv,1038
Jaywillz,30
Hook,92
Nikkia Joy,1149
Viator,1647
Maddix // EXTATIC,198
manlikeisaac,2236
With Kids[위드키즈],1147
YOLO HOUSE,4731
TydeLevi,21
Rosie and Harry,852
Premier Padel,828
Miller Knives,47
Historia Civilis,88
Daft Punk,283
Shrimpy,279
Musicore,81
Avneet Kaur,165
BeforeTheyWereFamous,3170
BearAnima,100
Kirill Neiezhmakov Timelapse & Hyperlapse,133
Adam Raw,197
Jeruhmi,3085
Austen Alexander,281
Ulanovy,1687
子时当归,274
Travel With Wife,515
Golf.com,3996
Peter Santenello,390
Wow Skills,340
Nainika Thanaya,545
Bob The Train - Nursery Rhymes & Cartoons for Kids,1405
MYSTIC7,3362
Studio Saraswati Official,2293
DeLirik,1866
Widya Soraya,6
Hyderabad Diaries,570
JuBaFilms,28
CCMegaproductions,136
shy styles,2080
JR Alli,75
C4ETech English,3517
Sanjivani Music,17293
Ben Black,1061
Arroz Marisco,101
Africha Entertainment,11992
Mr. Tops,295
xQc,6567
SimplyTasha,6554
Sam Sharma TBC,590
Rocky,379
Orrange Studioz,92
Pororo the Little Penguin,3779
MovieCon Animation,1040
Vendali - Roblox kanál,2314
Paayal Tena Short Videos,1642
Mr SunY,1058
Only Desi,133
BRStv - Saltwater Aquariums & Reef Tanks,2475
Top Yummy,290
MattShea,4273
V PRODUCTION,29
Anandi Official,9131
TheFamilyHood,17
AnimeOracle,19
NEO UNLEASHED,39
NTV Shows,13644
Family Movie Faves,396
ITZY,2144
DARK SECRETS,273
Johnny Tuivasa-Sheck,144
The Ultimate Fights,6
Dr Dray,4584
Baby Toot Toot - Nursery Rhymes and Kids Songs,606
Prince Ea,340
Cast Trending,19
Gear Seekers,1266
Aam Aadmi Party,18653
Laugh Factory,3416
AD-WISE MEDIA ACTION MOVIEPLEX,705
Quazies,19
Barstool Sports,9737
Home Fitness Challenge,845
Flying The Nest,1338
TexasGirly1979,587
Super Gaming Family,8457
Adam Savage’s Tested,7356
SahibNoor Singh,89
Lin Chiu,61
SOLDADO COKE,141
Karl Watson: Travel Documentaries,180
Twin Tales,29
Mango Indian Films,3603
Rowan Row,352
Lewis Capaldi,136
oddheader,113
Real Civil Engineer,1749
Rocky Rakoon,1676
NBC New York,11768
BluCollection,200
Miss McBlush,260
Tech Burner,1519
MindChop,249
ShalomTelevision,26800
Gwar Gamer,1117
Elitelupus,4353
Mahesh Chavan,1729
NerdECrafter,1225
Competition Wallah,6470
TQT HACKS,576
NJR10HD,79
Koo Koo TV Telugu,1246
Funnycatsandnicefish,374
TheAMaazing,104
1 Kg Biriyani,52
Beauty Within,922
Riddhi Music World,315
TheTerrain,22
Universal Music India,669
Sheldon Evans,110
Haste Raho,2883
You Love Dance.TV,2454
Driving Sports TV,1013
Geoff Marshall,602
1312 Records,184
Jordindian,270
Greg's Kitchen,2066
Jurrivh,340
Sunny Bunnies,2485
kpopper,36
Talking Kitty Cat,166
NileRed 2,4
The McCartys,3161
BicycleDutch,1107
Online dance classes,124
DIY Urban Gardening,301
BRTV,124
Vice Grip Garage,578
Trevor Wallace,1080
A Doll Story,156
Boxing Legends TV,48
Elephant Company,13
Sano,24
Huddy,100
Its AP - The RAIL MANIA (Avinash Patil),700
Seek Adventure,125
Farwalk Everwill,1030
Stef Sanjati,298
SurpriseToys,65
Spinar24HD,672
jaz and harjit,527
Machinery Magazine,100
Jack Hartmann Kids Music Channel,1920
The Frustrated Indian,6905
AFP News Agency,105544
carolinabullyfarms,1193
ARROWS,36
Florid Miston,789
Pocketnow,7986
GeorgeNotFound Extra,33
Jubin Nautiyal,283
StoryTrender,2413
VIVINOS,53
Girl With The Dogs 2,275
Lizzy Capri,688
Chandra Institute Allahabad,18991
Daily Game Moments,1116
Forgotten Weapons,4085
Project Zorgo,63
Nico Rosberg,676
Joseph's Machines,210
Goldmines Housefull,2527
Dynamo Gaming,2815
Todays Toddler,1776
Expert Jatt,119
WCDMUSIC,497
Thogden,2183
Cardboard World,1221
ellieV,1749
Windows Central,3464
effspot,1013
Elton John,358
Dr. John Campbell,3014
Jessie J,246
Troydan Reacts,590
Primer,23
observations,36
Matsimus,1519
Winding Road Magazine,3543
Perspective,432
DIY Hamster Maze,31
Emre 600rr,110
Chloe Lukasiak,434
Roland-Garros,4759
Top Viners,86
hockeyfights.com,11758
Mishovy silenosti,47
SWNS,13420
Wrestling Gold,151
Tom Law,12
Artsounds,121
lyricsbymilly,65
Khalid,78
MCPE Journalist,1070
OfficialBoosie,93
Fern Bahn (FernExpress),57
WSTRN,41
marsgizmo,556
Crave,834
Hannah & Regal,864
bool,22
Rajasthan Patrika,162920
WhiskerMoon,98
Milli Star,1757
BobbyShmurdaVEVO,12
vaandervik,109
Glamour,2859
Steamhammer,937
BTWJUSTIN,18
Swarmz,36
The Highlight Factory,99
Pet Talk,636
Mysterious Dunia,943
Julius Dein,392
Oh My Genius - Nursery Rhymes And Kids Songs,1665
Oshies World,360
Laugh Over Life,131
Aadab Digital,3132
Bijuu Mike,4045
LADB Restoration,93
AFTV,26278
Aviation101,293
Monkey Abroad,139
CNBC International,2992
Sports Hour,31592
Baconnwaffles0,26
Shelly&Penny,200
PointCrow,412
Nochtli Peralta Alvarez,180
Yandel,363
Lomadiah,4118
Liz Williams,222
Asya Siam,249
PRB News,3719
Tiko,1838
Vet Ranch,478
OxfordUnion,3089
MojoPlays,3312
SheKnives,354
TechMagnet,1688
TopPop,3570
Mubeen Saudagar Universe,29
KNOX_FX,70
MrZygy3,6467
aLexBY11,4274
Kannada Super Scenes,8535
LuigiDonatello,2103
YoSmoked,39
Talk To Me In Korean,2117
Tech Logic in Telugu,3378
Nina Montagne,168
I did a thing,120
Ratta,160
Tic Tac Toy Family,526
Bruce Springsteen,155
Priya's DIY Channel,332
MY Cricket Production,2960
Judo Sloth Gaming,2000
Viwa Food World,542
MitchellReacts,13306
Niki Nihachu,67
Waseem 4K Movies,1339
BITAG OFFICIAL,11770
King Crane,2899
PapaFearRaiser,1291
Natural English,13
BROTHERS VLOG,2073
Cool Tool WOW,313
Alex Rodriguez,282
Sri Balaji Comedy,8585
KidsCamp Nursery Rhymes & Learning Videos for Kids,1677
Crushit,115
Bailey Sarian,1325
Ray Kitchen,1400
Trakin Tech Marathi,1138
IlluminaHD,162
Mumford & Sons,188
Sir Alex,114
Nicobbq,694
Jorja Smith,51
PES,94
DJALIL PALERMO,71
Swarnavahini TV,10818
Ric Di Olive,879
VIRTUAL JAPAN,696
Kelly Sydnor,96
Sfera Ebbasta,44
DissociaDID,237
Quiff,576
Calfreezy,1395
Omar Raja - ESPN,381
rajasthanroyals,3209
NEWS24,148766
Bryton Myler,217
Andjobe,172
BIGJACK45,389
Channel Punjab,9301
FactWar,961
sophdoeslife,1166
BOXINGEGO,18119
Dunkademics Official,1100
Independent Man,621
Ruh,1848
Bharat Tak,43254
Comedy Group | კომედი ჯგუფი,4415
和之梦 - 官方频道,1749
ROCK INDIAN GAMER,3350
Savita Shekhawat,1956
Dan Music,2118
JPhanta,4027
danisnotinteresting,28
MelzyGames,125
Range Rover,135
푸먹_foomuk,92
Sheldrick Trust,659
Ray William Johnson,2920
Arc North Daily,281
Gaurav Thakur,419
Scott Adkins,363
SH10Comps,340
Ring of Honor Wrestling,4220
TKHD,76
RC LIVE ACTION,3587
Discover Kyoto,108
Natural Health Remedies,1775
Tilak,13340
Jackson Wang,98
Highlights Movies,105
Emma Massingale,199
Robert Welsh,980
TuTiTuTV,941
Hit TV Telugu,9644
Komal Pandey,155
The Official Pat & Stan,559
Tim Station,18
MatJoy,29
WhizL,1343
Sushant KC,100
Chris Staples,1006
Twisted,3330
REDZONE,71
XDubai,43
Jay Shetty,1191
Microsoft,1599
KHOJI TV,2985
Rana Uzair Speaks,3258
에스오디 SOD,1486
KidsOne,1507
iJustine,2745
Sixty Formula,1076
La La Life Shorts,7224
Poke My Heart,6252
Wanda Diamond League,4268
The Pilot Channel,98
JRM Studio,167
Coco Renaee,18
ScorpionsVEVO,52
Helpful Vancouver Vet,114
Gillian Bower,102
JohnGodgamesHD,1933
PBS Eons,483
Baby Toonz Kids TV - Nursery Rhymes & Kids Songs,686
Koffee,1221
XXL,2699
Sharry Mann,24
LouisTomlinsonVEVO,22
Morgann Book,987
Mugglesam,519
Dog Training by K9-1.com,209
PDTV News,31926
Thewizardliz,119
Ponmutta Media,264
ConnieTalbotOfficial,185
Pinkie Pie,453
WIN,335
Fallout Plays,1869
Vinayak Mali,152
Narmak,126
Motorbikes Style,59
Chamatkari Totke,2636
Chun Chin - Babys Songs & Stories,12
Aravind SA,84
Mike Boyd,194
FartNSniff,135
Ghetts,101
Days and Words,218
David Blaine,96
Balochistan : Land of Beauty,128
Geetha Arts Music,333
Londonist Ltd,336
General Conference of The Church of Jesus Christ,5737
Rescue & Restore,26
Tech FC,1155
Stanford Graduate School of Business,3674
Rozana Spokesman,31702
HyundaiUSA,1006
Satheesh Shanmu,1131
illymation,83
Iuonak,67
TapL,938
TheSportster,597
BowFlex,824
Norris Nuts Do Stuff,1152
Magician's Got Talent,786
Bob Ross,886
Ignited Animations,281
Asia HOT,192
Tess Christine,271
MindYourLogic,452
knowldge Factory,1230
Kid e Tales - English,322
New England Reptile,1372
Sainty,11
ImmersionVFX,57
Gunna,412
Brandon Carter,3438
Lex Fridman,847
Saabkyle04,2441
Rosie Delmah,34
Linh Nhi Shorts,6085
Motorcycles Special,95
Cinekorn Action,17
WeRateDogs,447
Spor Delisi HD,104
Pindex,46
soundslikepizza,787
MILYHYA,128
Willcraft,50
Rainy Day Boxing,130
Rafe Young,26
Mindy McKnight,1364
thecreaturehub,2284
MYSS KETA,18
On Demand News,27884
LockPickingLawyer,1635
Life of Tom,2484
Telly Reporter,77265
Chi Chi WOW,1551
Maher Zain,408
Beauty Secrets Hindi,2902
Fish Wildlife,11
Saregama Bhakti,8856
Universal Pictures Canada,962
Kotte Animation,88
Sandi Brock,1188
Chess School,3767
PRK Audio,1450
wittySpace,615
Fish Watching,2889
EA Star Wars,109
Behindwoods Max,9862
TruckTube,3548
NTD,14716
Sive,45
GrimesVEVO,9
NICK JONAS,67
Futcrunch,849
Sorry,20
Jimmys World,396
乡村食叔,769
BENBROS,838
Squared Media,286
Subi Suresh Official,190
Cepcill,412
President of India,4547
ICNA,2443
Taurus,165
Yo Mama,2569
SOOBIN Official,274
Modern Goalkeeping,586
Bad Lip Reading,140
Meghan Rienks,995
Tin Siêu Còi,985
Emezie Okorafor,753
Mathrubhumi News,279866
Economics Explained,407
SONU SINGH,26
Yummy Waffle 야미와플,410
Edwin Sarkissian,970
Fixbook,1022
Rishi Dev,73
Toronto Zoo,968
VisitSingapore,705
Good News Today,79180
ETV Life India,73378
TFB TV,1765
Aerosmith,312
Blackfish,59
Kory Little,330
Octopus Entertainment,38
Robert Himler & Amy Sangster,136
PEAR哥,31
Lidiya Francis,1762
szin,75
Shadow Fight,180
SourceFed,4761
Mike Salcedo,133
5-Minute Crafts SHORTS,4240
FilmIsNow Epic Movie Zone,11710
Technothepig,20
Mohsin Tv,891
Togglism,93
AT LIFE,114
ATTAKATHI,624
World According To Briggs,1415
Vahchef - VahRehVah,2356
Baylee Jae,995
Not Enough Nelsons,1993
Toby Keith,155
FITNESS ADDICT,825
Alec Markarian,31
MagicalMessi,137
Horrid Henry,2709
iced out PTK,214
Corpse Husband,103
Beebom,1806
Nicki Swift,8217
Life Of Big Cat,160
Chaz NBA,2536
FitByJasper,474
ASMRSoundSpace,57
Triple Charm,1539
SmoothMadnezz,77
DontaesBoxingNation,9683
Kannur kitchen,1765
DhiruMonchik,475
Shpendi10CFC,125
Lil Durk,506
Andy Phillip,318
Bertie Gilbert,59
RevZilla,9145
Dungeon Dudes,1263
WTD Productions,17
Russell Brand,4862
PS360HD2,5010
Boram Tube ToysReview [보람튜브 토이리뷰],680
CaragBTW,217
Horror Skunx,257
Naakout,503
emmanoodle,192
Wizz Friends,555
PaperBatVG,1567
Not What You Think,922
FirstCry TV,3504
Surfaced Studio,378
Jennelle Eliana,37
AniDen,144
SHAY,2423
Reformatt Travel Show,151
Pieface23 Clips,2798
GlamGully,12
Meredith Foster,275
Oliver Tree,182
Stephen Ward,154
Tiny Home Tours,1857
TheQuartering,10029
VuJae,1353
Loai RL,1304
Strange Parts,99
Bollywood Fan,10049
Varun Grover,31
ADVChina,323
Tash Sultana,352
EMPIRE Family,426
KellyValleau,956
XboxViewTV,12829
FunWithGuru,406
Mr. Inventor,428
Baylen Levine,292
Avi Yemini,1476
The Operations Room,156
Ali Gatie,353
Space Videos,240
The Blondie Boys,265
The Timeliners,487
LordDraconical,2200
Eurogamer,6159
RedKeyMon,50
BossLadyFlix,189
Marcus Veltri,191
Sarah Angius,81
Frame Order,772
binkie.tv,604
GABBEE,93
kold,64
ColdFusion,541
Bi Bi - Big & Bizi,13
PPO,113
DuDuL,35
Tayo the Little Bus,3595
Tom Simons,66
ABS-CBN Star Music,13590
Mel in Melbourne,589
In The Mix,274
TV9 Bangla,141411
Portrait Painter Stefan Pabst,235
Stephanie Lange,242
Liana Jade,1011
steveo,482
Beebo,50
Lucas King,2009
Cynthia,16
IMPACT FOUNDATION,7567
BD Sports Network,4027
The Beverly Halls,5287
NancyPi,43
BWF TV,22124
Mr.Radio,1897
NitroLukeDX,2007
Mic Set,252
AlotVines,210
Foo Fighters,219
ASEAN United FC,3280
Diamond Platnumz,1324
Night Lovell,34
Bosch Global,1043
DEBOSS GARAGE,1081
Official Event Live,0
3kliksphilip,1392
Candyland,954
Dance TV,4862
Android Central,3104
ESPN FC,29360
Safe Light,254
Ali Baba,567
Crunchyroll,267389
Rob Plevin,0
Stokes Twins Too,363
Hay Day,224
FunForKidsTV - Nursery Rhymes & Baby Songs,140
Lando Norris,36
TikToMania,867
Rion Ishida,828
FIG Channel,28264
seankingstonVEVO,67
Flinty460,9618
The Spiffing Brit,730
The Restorator,95
FilmIsNow Action Movies,3963
SpottinGames,21336
Stuff of Life,11
Superkids,42
eFIXX,2186
ThemeParkHD,3507
Sandman,403
Nelson Boys,123
Keshen8,95
AllEars.net,3709
ArchieBuld,34
Matt Talks Tech,1339
Bouncing Baby TV,44
RiVERSE LiVE,1195
Mr. Y,486
Be Inspired,378
Daniel Howell,155
CallMeCarson,99
Evample,337
PopCross Studios,777
DW News,42446
RoyTecTips,294
TREY the Explainer,134
Universal Comedy,880
HunniBee ASMR,775
Moona,56
Darkhorse,154
Samara,199
crospotter13,5509
Simple Happy Zen,352
Cargospotter,1297
Kurtis Baute,72
MRLONDON,579
Sub Urban,49
The Right Opinion,131
Manoj Dey,1796
Bundle Of Info,902
Juliette Weg,1012
Fish With Carl,174
YouAreCreators,1534
UATV English,20415
STREET MACHINE,1867
TIMES NOW,178059
ProgrammingKnowledge,4114
YAZ,104
Candy Play TV,474
Dogs Are Cute,85
KidCudiVEVO,85
timeanddate,66
YOUKU-Get APP now,63624
Rahnee Bransby,64
Maddie Lymburner,249
England & Wales Cricket Board,7355
Skill:Draw,30
Thalia,537
FC Bayern München,6930
Furious Pete,835
Casey Holmes,944
Dhruv & Shyam,138
Tito The Raccoon,151
The Blondie Boys Shorts,687
Saga Pop,26
George Benson Travel,1101
Fani Samri,526
Dân Thể Hình,286
omozoc,67
TheSighBored,2245
Luxy Hair,703
Puzzle guy,1058
Hazegrayart,439
Osvaldo Lugones,13
Kygo,254
Technical Sagar,3414
Fresh,1150
Ensiklopedia Al Fatih,2059
BYJU'S,1688
MADABOUTLEGO,1916
Towards Eternity,910
Sturniolo Triplets,389
Babycoma,1144
Indian Super League,10755
MaxPreps,14631
Jordi,1720
aimkid,16
Harpreet SDC Shorts,1868
碰碰狐 鯊魚寶寶 (兒童兒歌・故事),2367
Jimdoga,202
The One Club for Creativity,1519
Daggerwin,4768
Sabir Shakir,5894
Jeenie.Weenie,1545
pufflova,330
Reptile Channel,125
The Art of Improvement,337
jackdoesskits,1020
Geethanjali - Travel Saga,368
TomSka,180
CNN-News18,239928
Jinti Fell,161
PlayOverwatch,1130
GBB Cricket,2399
Twin Toys,375
KIER and DEV,202
Utkarsh Patel,15
Caspar,135
Everyday Food,1966
Forrestbono,40
Luke Combs,116
HKZ Sports Talk,13
ArseRaptor,557
The Tiny Foods,216
Wander Woman's Travel Vlog,1133
LewisCapaldiVEVO,156
Internet Historian,47
Future's Finest,692
AlliSports,1321
Smilecraft | Monster School,10
Alexsplanet,167
AnnaTwinsies,1735
Noskii,266
Urdu Fairy Tales,304
Madan Gowri,3851
MARCIANOTECH,5634
Flutter525,1423
DPJ,6429
LaserUnicorns,15
Advoko MAKES,71
Edd China,192
GeoWizard,597
Logical Bharat,148
RATATA,583
Mr. Everything,288
MOSHPIT,1068
India4You,51
Funny Or Die,5064
Beta Squad,182
Soul Desire,25
Phoenix SC,2136
Josh Leyva,43
EUROLEAGUE BASKETBALL,22674
GLORY Kickboxing,5441
Hardigun,89
The8Bittheater,30650
Matthew Weathers,65
Russ,359
Maa Paata Mee Nota,4644
Spoke,92
Podel,174
Bella Poarch,104
Fénix Team,23
Jeff Nippard,591
FortNine,577
ZFH Football,34
Fitz,164
MIGHTYDUCK,400
Peoplive,929
Md Tamim,781
donyboy73,1860
The Battousai,489
HJDoogan,2293
Ssoftoons Horror And Crime Hindi,491
LakeForkGuy,1340
Tonka the Malamute AKA WaterWolf,3602
Blynk,433
the litterate man,123
RossBoomsocks,4123
Evan K,205
VSB defense,81
K'eyush The Stunt Dog,1237
kids zoo,24
Visual Car Reviews,949
Pepsi,405
Fanaticalight,169
Dagwummy,958
Artcoaster,127
Transport For NSW,1137
CBeebies,4495
Centers for Disease Control and Prevention (CDC),6325
Cleo Abram,411
Funny Bunny,1213
Count Dankula,485
Kuldeep Singhania Shorts,1525
mashed,957
Aatma Music,45
Bombastic Clips,5360
Veg Village Food,665
Camodo Gaming,7351
Steve Morris Engines,1145
bald and bankrupt,227
Pizzy Vibes,236
Satisfying Slime Videos,2464
Cool Hack,87
RackaRacka,151
Heera Gold,2005
MandaloreGaming,133
Melody Animation,290
Peter Gabriel,382
CamilaCabelloVEVO,131
Lukas Rieger,26
KTN News Kenya,176188
Moviebuff Tamil,3398
chungdha,1216
Pipe Cleaner Crafts B,881
BCC Gaming,3603
GD's Highlights,7149
La Lido Loca,3070
Isaiah Miranda,1496
BigSeanVEVO,127
Ashish Music Official,488
UFC,22207
Cinéma Cinémas,1909
Robiul Experiment,722
PakWheels.com,7916
Solidarity,2381
Pringus McDingus,151
Moto phil,389
Bobby Duke Arts,140
qdeanc,15
Westlife,54
This is sumesh,229
James Kingston,109
Delak,77
johnlegendVEVO,233
Led Zeppelin,297
Boffy,135
Sam Feldt,513
Funyaasi,665
ProjectAir,134
EdPlus777,317
Ducati,993
FLT,20
Levi Bent-Lee,78
제이케이바이브 JK Vibe,478
Arts & Crafts,561
Mr Tha Fishing,31
RED FOOD,1384
Wankelmut Official,70
clips mix,5776
Vincenzo's Plate,1327
Universal Studios Hollywood,155
Daveyx3,1487
Jack Alexus,303
AKHERLAHZA,16
Insider Science,649
brother & sister travel,133
GSMArena Official,3240
Flying Beast,2163
Humans At Sea,12
Rogue Huckster,14
Hailee Steinfeld,20
RealLifeLore,466
Elanip,7835
Clara Kraft,22
That'll Work,302
Benny Hinn,3812
Cubic Animations,66
مطبخ ديزى Daisy's Kitchen,493
Dixita Karki,22
EXCESSORIZE ME.,1211
André Rieu,738
Chefclub,1788
Gaby and Alex,370
Kalinga TV,245990
andreaXandrea,94
MagicSoundOfficial,68
ThinkTank Technologies,9
Best Of Cake,1108
Kieran Brown,325
The Next Team,151
Mitchollow,48
GTLive,1608
Vikatan TV,17483
DamonAndJo,586
Honest Careers,17
Till Lindemann,44
habspuck,1347
MattCS,410
Jeremy Hutchins,285
The Prince and Princess of Wales,247
EricVanWilderman,2819
Play Digital Originals,268
Forge Labs,169
Desi Health Tips,95
MediaPro Music,1681
Zee Madhya Pradesh Chhattisgarh,102524
Squirrel,1580
Gharelu Nuskhe आयुर्ज्ञान,2887
Frank Michael Smith,1184
Taiga Crystal,188
Mother The Mountain Farm,334
DenotinFilms,15
Matt Kempke,1750
The Theorizer,409
Post Malone - Topic,783
Latino Revolution,8
What The Fukrey,58
Dancing Dann,1262
Collab Creations,120
One Hand Man,15141
Vans,2175
Connor And Liana,840
FundyLIVE,31
Véras,62
ClutchPoints,9960
Voened / Netherlandssoccer,45
Bax,4510
MT Vlog,701
Jasmine Lipska,95
Overly Sarcastic Productions,839
BdotAdot5,1177
La Vida PenaVega,443
No Text To Speech,535
Cinema Junction,2690
PANDU GAMING,2539
Harrix,1992
Eagle Music City,444
TEDxYouth,4433
Energy Tech,294
DEFI BRILATOR,16
NBC Sports,42113
Oregon Zoo,1680
MisterFilOfficial,26
Parrot,96
McLaren,1674
Sports Updates By Chandan 1,3532
TFLnow,3328
"Dad, how do I?",523
MonarchsFactory,468
Bobby Parrish,1929
CesarFlowers,555
Triaxis Orbit Entertainment,817
cimorelliVEVO,10
Apni Kaksha Official,990
Street Dog Pluto,1404
French Montana,455
CA Rachana Phadke Ranade,1513
RiceGum,331
Courtside Films,6737
Real Time with Bill Maher,2439
Assassins ARMY,1392
Lily Grace,233
Nicole Guerriero,803
FV FAMILY,837
PolyMatter,176
Exotics Lair,1308
GamingWithJen,547
Ricky Rays,20
Metal Family English,19
Drewsmc,3166
MPZRACEVIDEO,649
PB STUDIOS,20
COMPLETE,142
julien solomita,282
Steve Wallis,334
HuggyBoBo,224
AwakenWithJP,1404
5-Minute DECOR,6584
Nucleus Medical Media,681
GracieBreakdown,822
WXYZ-TV Detroit | Channel 7,125798
Phy,1333
Air New Zealand,585
VikkstarPlays,673
LPGozzzi,1197
YoutubableHD,152
Ghumante,197
EpicDonutDude,50
Kirya Kolesnikov,4596
ONE,968
joseltp,62
Live From Earth,181
Jessica Kobeissi,904
SypherPK,3342
SComics Play,1934
Dizzy DROS,51
Warner Records,630
Joey Kidney,613
SIL3A KG,30
Мульки-Игрульки,255
Aunty Donna,644
Captain Joe,434
TheVampsVEVO,65
Kennedy Cymone,325
LIUBCHENKO,554
Tion Wayne,57
Melodify,11
Eat With Mikey,62
PhilsComputerLab,858
Public TV,194765
Neytirix,338
K-UA CREW,476
Mazumaro,21
Serum,269
Genevieve's Playhouse - Learning Videos for Kids,691
Psivewri,462
Explore Bears & Bison,585
Ginger Ninja Trickster,567
BIG JET TV,2632
JesseDriftwood,136
Lah-Lah,200
滇西小哥 Dianxi Xiaoge,791
Fitness Fighters,557
Cool Tool,528
Ozuna - Topic,247
IRIDESCENCE Official,49
Saroj Sharma,1906
Rahul Gandhi,3305
TheWacky,276
YASH KE EXPERIMENTS,1255
English Jade · Learn English with engVid,88
Kripparrian,8155
SAMTIME,1782
Cartooning Club How to Draw,4461
Rémi GAILLARD,186
Updoot Studios,4131
Mr Carlson's Lab,294
AZ Machinery,118
FARANDULAGAY GAY,4319
JANTSUU,138
YONII OFFICIAL,53
Eckertainment,15
Kids Planet,642
Area of Interest,1706
The Laugh Track,2143
Jasmine Thompson,209
EverXFun,12
Sage Studios,431
Primitive Daily KT,11
RepairClinic.com,6559
LilNasXVEVO,43
Power Wheels Videos,56
Anton somewhere,37
Sinners Domino Entertainment,29
Armind,323
Serenity,145
Half-Asleep Chris,196
SomeOrdinaryGamers,3501
FireEyes Gaming,826
Tamil Fairy Tales,752
Tyrrell's Classic Workshop,212
CuriousInventor,78
Tips Films,1356
Jake Sweet,1522
Crafty Hacks,699
itslikelymakeup,355
Tollywood,39566
Spirit of Cake,222
Gaurav Arora,195
The One Shu,1457
The People's Majority,2779
RFK1,33
MasterGadgets - Amit Bhawani,3549
Liron Segev,790
Keerthi Shrathah,1156
Merkley2012,3
Surana Film Studio,1251
Gaz Oakley,312
Summervibzz,123
Koit,279
Daniela M Biah,12
Safa Islamic,1033
Paramore,216
Galatta Voice,36335
SAVE THE ELEPHANTS,434
Boyle Family Farm,89
slowthai,30
Abroad in Japan,318
Epic History,220
Fur Family,6223
The World of Boxing!,158
J. Cole,146
Rekha Aduge,1741
Sakshi TV Live,36567
BabaSharo TV | Kids Songs,716
Sevou,2203
Always,7
Allen Douangchak,564
Daniel Krafft,80
Eddsworld Extra,60
Formula E,3773
Amy Lee Fisher,101
Lost Again,7
Lunay,62
Students for Life of America,2186
मायो जापान Mayo Japan,831
ILY,14
JackManifoldTV,41
Dope D.O.D.,289
Ram Pothineni,247
Jumblikans by ChuChuTV - Learning Videos for Kids,327
Chevrolet,425
Gears and Gasoline,591
MD JCB XPERT,362
Daily LOL,0
Eetzi Productions,144
ABC News In-depth,6394
Allrecipes,4812
YKKE,74
Monkey sam,9744
Qualityfirst,1994
EzyCraft,88
Australian Reptile Park,833
Alien Being,106
Learn English with Gill · engVid,156
Karlee Steel,358
DjEphixa,110
Fabinho da Hornet,1905
Wirtual,80
Matt & Abby,1237
Ghar Ghar ki Kahani Hindi,429
PC Centric,1283
R.S News,9372
Dilchasp Malomat,21
Bernard Bear,853
Booredatwork.com,6080
Montreal Gazette,11353
Balex,131
monday.com,1124
Utkarsh Classes,13298
Telugu TechTuts,4275
RM Videos,49018
Cole Rolland,328
Raon,597
Epipheo,232
Joseph Carter the Mink Man,731
Dr Hope's Sick Notes,223
PavloBobo,3395
MercifulServant,1327
Marcello Barenghi,1332
Shirls,48
Angel Bengali Songs,9874
Everleigh,149
Natural World Facts,177
KokiriGaming,445
Asians Down Under,456
ToryLanezVEVO,24
Tom Harlock,71
Amy Shark,112
Pigeons & Planes,703
Trip Pisso,178
MRBEATS123,371
TVFilthyFrank,149
ArrDee,99
Are U Super Cereal,401
Sylvia Gani,410
Lena,358
EightSidedSquare,39
iBallisticSquid,2579
Slapped Ham,1619
Legends Songs,4
How to Survive,915
The Beatles,384
World Of Games,172
SciShow Space,898
Samantha Harvey,385
The Brampton Boys,24
NUZIHA & AJMAL,0
Jenny Cipoletti,76
MADISON WOOLLEY,151
Lanterne Rouge,855
Truecaller,385
MissDarcei,878
Guillaume Laffon,87
Myanmar Fairy Tales,583
KING WORLDWIDE,495
RisingDragonSchool,98
Chris Cornell,37
Chem-X,402
dojacatVEVO,146
DIYfferent,1149
Chop Daily,754
Kanak's Kitchen Hindi,1021
Nature Relaxation Films,622
Trey Smith,124
Altra Moda Music,1480
Peter And Friends,3056
Jeffabel and Friends,59
thelonelyisland,207
Shrads,1412
MonkeyStorm,14
Alan Tours,225
Memefarm,285
Pongfinity,277
Lex Veldhuis,1369
What So Not,202
House Of Hoops,579
Hamritox,42
MelliArt,98
MyIndia,728
TobyGames,5240
Umeloe TV,956
A&E,12751
InbetweenGamer,531
Sr Pelo,202
Brandon D'Eon Music,863
Urdu Cover,1838
BerlinTomek,1089
Sri Balaji Full Movies,192
Sonam Prajapati,3681
NewsNation,75378
Dave Bagnall,28
Slaiman and Kate,125
iOS Gaming Shorts,6006
Qari Muhammad Ilyas,1718
TPS,4417
Auditography,945
iRaphahell,7866
Got Talent Global,1776
19Bozzy92,2428
DD ElectroTech,114
Practical Engineering,226
Accented Cinema,165
The Jimmy Dore Show,10574
meech da peach,737
TAWHID AFRIDI,208
EliteMixtapes,2078
Paris & Pups,26
Firelight,410
martincitopants,127
Crunchyroll Store Australia,1465
bordie,272
PRG - Pyre realm gaming,1148
Jung Kook - Topic,63
National Studio,31
So Saute,1687
Zweng,157
Theo Baker,716
The X Factor UK,5729
Bart Baker,205
Trace Elements,440
SABO FX,43
REITTV,766
ABOVE INSPIRATION,506
nagd2010,1564
GeorgeNotFound,68
CAT MAN CHRIS,149
iNabber,446
MrMiko 2.0,258
Alshad Ahmad,720
nlovewithreborns2011,7019
ENM,1359
Ancestry,1853
Street FX Motorsport TV,308
Busted Knuckle Films,4690
Washington Post Universe,1266
daiz,152
SHMVEVO,19
NEXT9NEWS हर खबर आप तक,168010
Drew Gooden,165
Rachitroo,712
Facts Box,463
PLAN RUSIA,212
Aroob Jatoi,37
Toy Stars,367
maxmoefoe,144
JetLag Warriors,1459
Kevin Parry,227
Tech Earning Support,65
Mai Babies,74
HouseMusicHD,650
News24 Sports,34151
Awkward Puppets,105
Kabonster “Kabonster”,236
TOY GUMA,397
ErasableNinja,65
Behind The Meme,188
Binge Central,446
No Comment TV,18980
Experimental Fun,35
František Hajdekr,2390
Mera Deen ISLAM,317
Publicae,675
List 25,2984
Nothin' But Lag,114
xDuttinho,1127
Amit XYZ,79
Boulder Creek Railroad,123
newbalance,577
Latest Track Records,38
VarmiLP,3402
AirAsia,2417
The Piano Guys,203
AK news,1900
emimusic,303
Pebbles Kids Learning,4884
Chucklesome Creatures,20
Jarno Opmeer,1247
DrDisRespect,1692
Euphoric Brothers,188
DPCcars,23681
Real Madrid Albania,74
Janta films,563
Aadishakti Films,7205
Church Newsroom,1795
Extra Throttle House,111
Cartoon Network Asia,4807
Unknown T,40
MeidasTouch,18486
Nyma Tang,326
Sky News Australia,201272
Sandip Karki,131
Corinna Kopf,62
TOLOnews,53675
Paul Davids,462
Claire Sophia,70
Gentleman,140
Wrestle Highlights,16
FRANKLIN WWT,18
Tamilfact,570
Skip the Tutorial,1443
Biswa Kalyan Rath,65
Ludacris,19
Lukie Mc,112
Harald Baldr,365
Zavidoff live,245
BOL News,236436
K-Ville Entertainment,2552
Glenn Beck,5548
ItsBen,154
Bon Bros Records,9
ishnum munshi,277
Ivanosark,127
Ermz,349
Facts Dastan,1018
ABCSongs,69
West Coast Armory,35
eve frsr,117
YouTubers Sing,251
MagicGum,11
SHIVR,544
MedCram - Medical Lectures Explained CLEARLY,621
PrestonGamez,345
The Mist,4
Hindustan Gamer,865
SimplePlan,669
Bernadette Banner,166
PNAU,70
Daniela Andrade,179
sakitech,3160
Africa Adventures,1065
Bondi Treasure Hunter,440
Scooter,332
Wolfie,355
Alwi Musthofa Atas Air,559
San Diego Zoo,1417
Absolute History,1050
SharkBlox,3582
Joga Sport,111
Trend Max,764
NellyFurtadoVEVO,89
Sing King,5299
querlyNoMusic,516
A24,827
Regina Ginera,32
RTHK 香港電台,8714
MrHaagsesjonny1,147
James Arthur,304
VisioRacer,627
DaddyYankeeVEVO,39
maxmoefoetwo,130
Flabaliki,1969
Feenix SC,28
VR Gorilla - Virtual Reality & 360 Videos,472
Brandon Raynor's School of Natural Therapies,1479
RUPANBALFilms,93
Grassroot Entertainment,1948
CupcakeJemma,1004
Sandesh News,235191
1puglife,4265
Udaya TV,74146
BlackWolfCompany,30
Travel Master,65
MarQuis Trill,477
ASMRMagic,254
PuthiyathalaimuraiTV,436833
Hindi Cartoons,60
MAMAMOO,1206
Papa CRINGE,119
XHIT Daily,694
360HeliAdventures,709
CHEN,77
She Fashions,4093
Enca,39
Clutterbug,1380
Comedy Central Stand-Up,2278
mrnigelng,267
Shell,1551
W&W,176
KAMIWAZA,502
AlmightyArjen,124
LatinNow,1559
DesiignerVEVO,37
Petit Afro Official,166
Lawn Tips,599
Hyram,865
Aurum,85
GLAAD,1691
Ding Dong Ravers,15
xMokerslag,2237
Mindvalley,2447
Jesse Lingard,129
ItsNick,1282
SSJ9K,263
Kavra,62
Mehaboob Dil Se,405
TheSoul Music,3852
Papa Jake Games,224
Eagle Home Entertainments,9826
ACC Digital Network,44234
Scary Town Hindi,973
DREAM MACHINES,2158
Flatbush Cats,659
Dharitri Live,14605
Repent & Prepare The Way,861
Munna bhai gaming,2314
Phoeberry,1107
Uosof Ahmadi,111
Rockstar Games,396
Sulit Tech Reviews,996
Ruby Rube,205
Wisdom for Dominion,1065
Dr Ujjwal Patni Business coach,1327
Paper Kawaii - Origami Tutorials,377
Let's Do This,260
Johnchi Ministries,2279
M3RKMUS1C,3084
RedConectate,132
IWrocker,1909
Dark5,772
JBC Audio,14
Muscle Madness,523
Shivangi Sah,520
RangerJesse,45
CAR TV,553
Viral Guru,2206
Meteorologist Andy Hill,38
Myth,1934
BGT News,5622
The Food Theorists,345
Captain Nick,549
Sarai Jones,604
ENO,73
Institute for Justice,646
AGOOS MUSIC,76
Siippyy Gill,79
rather B welding,770
UPROXX,1738
CDuffy,1188
Easy Hairstyles,1815
Jack Edwards,413
Leffen,346
Cooking With Ayeh,402
Reena Kitchen point,1087
OnlyLeigh,46
L I S A creation,320
Andymation,184
carbonSHOTS,140
Brainiac75,152
가나쌍둥이Ghana Twins,1388
TinoKidsTV,53
Super Toons for Kids,3364
Blakkwood Records,1735
Sam's Toys,2014
Lena Crafts,364
Pogo,108
The BN Family,3426
Isabel imagination ASMR,606
Karolina Rose,664
sleepymully,442
Arogyam,2921
Jaymax VI,283
OVERDRIVE,122
Kyle Exum,426
RANCHOLAROSA,3845
KeyshiaColeVEVO,43
Cities in 4K,52
Mike Habjan,24
Sport Vines 4U,75
CaRtOoNz,3679
Gus Johnson,985
Mabu Crush,1455
Elliott Hulse | STRENGTH,2113
Jackson & Shammi Vlogs,15
Isaiah Photo,600
Cyarin,79
Roger That Investing,0
Blue Origin,192
Daniel Schiffer,256
CrimeFreak,18
B is for Build,788
BollyMoviesMaza,1882
Dr Pastor Paul Enenche,2564
Skill Toy Guides,16
Keyush Animation,12
Pitbull,752
MDK,148
NDA Hack,543
LordeVEVO,101
TheChicNatural,434
Sami Asim,245
CarSpotterQVS,3918
ChillTracks,523
No1 IDEAS,637
Hugo Cornellier,63
In The Night Garden - WildBrain,1664
AnthonySenpai,1090
Giallozafferano Italian Recipes,1593
Stopde,2978
Relax24,71
Raheem Sterling,14
Just For Laughs Gags,8108
SlowLorisChannel,12
Geet MP3,806
Nino Kuya,418
Thinketh,346
Harlem Fetty,258
Satisfied Crush,373
MAGIC!,77
AmandaRachLee,578
Ben Shapiro,9209
AutoVlog,957
makko,61
Latest Sightings,997
TWO SIDE GAMER,2607
PGA TOUR,21643
Nirahua Music World,1024
पेप्पा पिग हिंदी - आधिकारिक चैनल,1096
MakeBd,19
CHRIST TV,1331
electronicsNmore,750
rekrap2,269
Lil Baby Official,123
Sim Mallec,230
Namaste Nepal,433
Emojoie,236
It's all in a Nutshell Crochet,826
Global Cycling Network,8575
Free Fire MAX Esports India Official,287
떵개떵,5654
Conor Maynard,334
The Motor Mouth,1879
Biden Inaugural Committee,57
Filmylooks,31210
Karikku Tuned,34
Churchill Television,5515
ABC7,29626
Dutch Bushcraft Knives,675
iCrackUriDevice,1705
MagicCubeTV,13
The Hindu,11787
Jack and Dean,109
RocketJump,340
Integza,252
Engadget,6532
UnlockRiver,355
Savannah Brown,30
Andrea Bocelli,270
Aakash Gupta,54
Serge Ibaka,517
Citizen TV Kenya,204438
Luc Bergeron (Zapatou),87
Cinemassacre,1894
Louis Weisz,95
TSM Explorations,530
Jrizzy Jeremy,412
Pinoy Kids Channel,252
NASA Johnson,3948
Royal Music Factory,1740
Jason Pizzino,1455
Warner Bros. UK & Ireland,2974
Brad Hogg,946
Jace Norman,0
The Cat Behaviour Channel,68
C-SPAN,12254
Yahoo Finance,58471
Repentance Channel,1437
TaDaBoom English,1103
Up and Atom,118
SoaR,2015
CIVIL BEINGS,219
Hongyu ASMR 홍유,1017
Tucker Budzyn Shorts,329
One America News Network,17755
AJ+,6299
Wim Hof,468
DestructionNation,934
Indie Music Label,196
Facedrawer - Arts & Paper Crafts,2542
Wendyskin,1096
Postman Pat Official,1288
miel,9
Spanish Fairy Tales,784
HopCat,231
Mo Syed,72
B&H Photo Video Pro Audio,5275
The Land Of Boggs,598
TheoryGlobe,232
Dutch The Hooligan,161
Isabella Gonzalez,123
SocksStudios,134
Moxie2D,126
RIFIANBOY,13
Topic,136
politicalhunt,841
TechnoNerd,68
Weebl's Stuff,614
free지아,34
GundamInfo,1447
The Spicy,30
ToRung,313
GamerJoob,2072
Oceana,606
STAR GAMERS,2920
Goldmines Bollywood,6830
GuiGe,6598
ChuChuTV Portuguese,544
Network A,1756
Kids Toys Play,1270
Hornstromp Games,585
DutchSims4Master,830
Funniest Animals,10
Holtage Studios,42
United Nations Development Programme (UNDP),1619
Open the Happy,97
UNICEF,4847
Lovejoy,82
DramaAlert,1177
Plan B,51
SwagBoyQ,1419
Jojo Sim,3300
G Series Bangla Movies,485
이웃집수달 Zoo Family,549
Greenskull,2114
DougDoug: Published Author,229
Vijayavani Digital,11903
DEATH BATTLE!,2034
Young MA,149
The List,6430
Nadeshot,1860
davidxliza,77
kmlkmljkl,4897
INNOVA Crafts,492
Adel Sami,44
Brien Foerster,2830
Sejal Entertainment,73
Bobby White,126
Kworld TV Hindi,79
MATOLALE,51
It's Me or the Dog,1785
AlStiff,28
Helly's Simple Recipe,596
Abra Cadabra,33
Anthony & Ana,3102
bigclivedotcom,2709
Raj Musix Kannada,6940
Zoomer,162
Gung Ho Vids,2641
9kriminal,12
Celine Dion,162
Prime Video,7530
Robbi Jan,1566
Junnie Boy,194
★ Kids Roma Show,860
Powdah,32
Barrybee,2309
Desi Perkins,407
Kunal Chhabhria,102
Jungle Survival,425
Elvis and Khaleesi,118
Rujay,3110
Animation Viral,100
Cars BOOM,277
My Damn Channel,953
Nenu Mee Srikanth (Aadhan),3588
Kpop Planet,681
Gagan Choudhary,1371
Thoughty2,929
Koleen Diaz,168
Jefflau,7
Jim Browning,118
Sycra,430
See U in History / Mythology,2785
Warfronts,621
Louis Vuitton,1112
Global Punjab TV,15786
Rikki Poynter,952
NCIX Tech Tips,2192
BigKleib34,2247
Nova Spiritual India,1053
Rebecca Maddie Challenges,0
Funk Bros,1166
RCR,99
JeffHK,37
Leyalee art addict,24
ItsMatrix,939
Lyft,272
Jenny Nicholson,112
BBQwithFranklin,49
Yvonne Catterfeld,96
1320video,2726
Mac Address,122
MeEnyu,603
Grow Successful,7
LazyTown,1325
Qman,58
MasterChef World,3195
ChimneySwift11,3506
Hoolopee,70
The Escapist,7970
Bishwo Ghatana,2194
DIYFans,386
OneFootball English,2677
Stretford Paddock,12022
Arron Crascall,490
Kiddiestv Hindi - Nursery Rhymes & Kids Songs,371
Thoisoi2 - Chemical Experiments!,203
Wonderful Engineering,131
Lenovo,3070
AprendemosJuntos,1736
Evidz,152
Morrisson,59
Digo Thuler,453
TheMacLife,4361
fantayzia,4466
LifeVestInside,646
The Art of Photography,1142
Spencer & Alex,172
WILDERNESS COOKING,522
Toys Time,553
Mashakbeen,113
Snazzy Tamilachi,1227
CityLeagueHoopsTV,1575
HoobastankVEVO,27
JxmyHighroller,226
Justin Brown - Primal Video,776
Strive to Be,732
Juventus,6852
Christian Nielsen,60
Dante Ravioli,141
FDOR,172
Fingers Breakdance,42
DILRAJ SINGH,64
Hot Emma,233
Disney India,1074
Theme Park Worldwide,4501
Pryszard Android iOS Gameplays,21876
IDJVideos.TV,1655
Ashwin,973
STAR NEWS 24-24,136
Dr Shalini Mohan's Treatment,651
Motorcycle USA,1033
Real Science,173
gardening ideas & tips hindu guru goyal,187
Calen Chan,733
Insym,4248
Rob Dahm,881
ProducerMichael,751
WatchMojoUK,2057
John Glasscock,237
The Fixies,2334
Nicholas Yee,96
Masala Kitchen,2150
Salu Kitchen,2460
The Global Goals,351
Ryland Adams,115
RazNitzanMusic,6569
FOX The Cutest Dog in the West,4229
Firebase,1003
PetsOnly,2213
Major Lazer Official,529
Awadhesh Premi Official,1927
The Reptarium,819
iPoint,1161
Ali Shanawar,32
Rabbids Invasion,723
WadZee,250
Lana Condor,1
Kauczuk,292
Grace's World,598
Kaur B,103
Unnecessary Inventions,473
Eve Cornwell,74
Vitality Advocate,23
The Small Workshop,69
SureshProductions,7434
Ella Mai,60
America's Test Kitchen,3123
Eric Okafor,503
English Fairy Tales,783
Harvy Sandhu,177
legitbread,344
FASH,1194
PolarSaurusRex,815
Boris GameX,126
Tractorspotter,443
Junya.じゅんや,9207
Sher Ghani,1611
Examपुर,81734
Sidhu Moose Wala,122
Laidback Luke,779
Boxoffice ANIMATION ☆ Movie Scenes,1757
TALENT TADKA,176
MNcompsJR,123
WeTalkFootball,55
SamsuL OfficiaL,627
THAIBEATS,6052
Slamacow,43
Tristan Jass,974
Top 10 Nerd,6998
Defiant Wrestling,1124
Armada Music TV,15361
CATCH EM ALL FISHING,1133
Fabiosa Stories,2484
IBC Tamil,46080
Kenneth Copeland Ministries,7326
FunnyGames,12
News18 Lokmat,251211
furrylittlepeach,238
2BCProductions2BC,5451
Brian Barczyk,3429
Adrian Bliss,232
MiniminterClips,2461
BuckHollywood,14
Factivist Room,526
SHProductions,59
Luke Bryan,661
vivo Philippines,653
Disguised Toast,1437
Sun NXT,14358
Liam Vickers Animation,24
Morgz Mum,104
BBF,108
T-Cloud,16
Sanjeev Kapoor Khazana,16014
FEEL MY STYLE,61
ADCArtAttack,412
Alexis Stone,40
Justine Leconte officiel,363
RajmanGaming HD,10919
SURFING VISIONS,283
Car Acceleration TV,992
MKIceAndFire,7844
SML,626
PapaKleb,197
Future House Music,3286
Mr. Amazing Works,254
V Movies,504
Logic,422
Northernlion,21602
Bob ToysReview,266
shroud,2008
styropyro,201
THE HACK,245
Jordan Yeoh Fitness,451
Royal Caribbean Blog,1529
Albino,54
livbev,0
Gamer Chad,2731
ZMDE,345
Pen  Bhakti,5488
Gabriel Iglesias,1863
SunnyV2,267
Qantas,909
Spin Master,324
That's My Story,528
Fun For Kids TV - Hindi Rhymes,162
Jansatta,64506
Otaku-Vs,66
ViralBe,996
Top Media,102
Peppzzii,51
BPS.space,234
Lael Hansen,113
Mashable Screening,605
James Hoffmann,391
Delicious Food,2817
Troy Time,18
Hasnain Technical,2186
Crafting Pulse,23
Tessa Violet,227
Plasma Channel,199
HD1080ide,484
Good Machine,15
TheHappieCat,61
Feudly,10
Gaurav Chaudhary,218
Emm Pee,6061
MrsRemiAshten,585
Nabeel Nawab,2848
OddViolin,31
Ex Battalion Music,151
MitchGames247,1549
Orryy.,526
Roblox Iffy,155
Xhensila Myrtezaj,46
Spencer FC,1224
Xiaomi,2025
Hindustan special,3795
Michelle Khare,247
Soraalam1,928
CK Wraps,1011
Kokila Pawan Jayasooriya,27
Pranjal Kamra,348
The Herd with Colin Cowherd,11367
Game Jam,20
Samara Redway,402
SuperBike Racer,304
KYLE.ENGINEERS,218
Mridul Madhok,4217
DesertFoxAirsoft,1211
Bryzerse,14
JS Films,2096
Yo Amo El Fútbol,422
All India Bakchod,157
Bryan Adams,322
chess24.5,2136
Nick Rowley,73
The McFive Circus,3991
Jingle Toons,279
Everest Marathi,1856
ANK News,644
Rambaan Aushadhi,269
Macam TV,799
Enilsa,176
RACINGFAIL!,295
khushi Choudhary,99
GlobeTrotter Alpha,27
Labrinth,175
BriannaPlayz,952
Bisayang Hilaw,266
INDAY GARNET,1787
Shyamlis Kitchen,1904
Max Klymenko,1462
sweetandtastyTV,542
Snake Discovery,985
Drake - Topic,982
Nickehfilms,177
Tofupupper,74
YMS,779
Teenantico,5261
FaZe Jev,3804
Rolve,19
LegendofTotalWar,7554
EuropeVEVO,18
Funcho,265
Viral Feed,1079
peta2TV,1510
Karl Rock,865
DC Kids,2637
CotDammitElizabeth,66
史萊恩資訊網,29
Kongsuni and Friends,1178
8D SOUNDS,34
jmarcoz,2061
Dimucc,438
Bipul Chettri,121
LilWayneVEVO,147
GV Among Us,36
TASTY LINE,241
Beautiful OB,5182
Faydalı Videolar,2969
Jase Animates,41
Harshit - FitHIT,24
Bengali Movies- Angel Digital,3958
Alan Jackson,249
A Current Affair,5292
Dr. Najeeb Lectures,1608
STRELKA STREET FIGHTS,5093
CJ SO COOL,1794
Haresh With Fun,240
Submission Radio,2745
Valeria Lipovetsky,1845
MouseSteps / JWL Media,7036
Dongo,73
Sideprojects,820
Jonathan Cahn Official,2655
Condé Nast Traveler,1085
wuant,1600
SnoopDoggTV,1737
Hindustani Helper (Praveen Mahuliyaar Shukla),2225
James Welsh,993
Newegg Studios,2206
ZackScott,168
TheLolHounds 2.0,304
Gem Tunes,51
LMC Digital Media,1017
Rebecca Zamolo,1116
Cooler2000,55
The Sun,28604
Microsoft Surface,208
Atarah Mayhew,1887
Tiametmarduk,2930
Guy Tang,643
Shaun,74
SKILLER,205
NRS_RAJASTHANI_MUSIC,575
Troom Troom IT,2942
TheDanocracy,1309
UKF Dubstep,1953
Inside FBCG,2118
Bratoons,19
Jane & Sergio 🥰,2324
TheMermaidscales,3913
WarLeaks - Military Blog,647
SA StudentTV,1797
Joogie,21
Alham Rana Muhammad,32
Saksham Magic,2269
ManyKudos,60
MDP,40
Big and Fast Eaters,2589
JD,2790
Jeff Dunham,920
Hoopmixtape,389
MrCrayfish,1023
Ocho Verde Wildlife Channel,813
Sur Sagar Music,2582
mmmEnglish,324
Jake Ceja,472
Prestige Clips,691
The Why Files,364
stevie boebi,336
Sunday,236
NAV,195
Beau Miles,102
Ocean Wisdom,15
Jorden Tually,1205
MCGamerCZ,3006
MeganPlays,2610
Tom Merrick,662
The Kleb,132
CBS Evening News,34282
Conagh Kathleen,382
Kym Illman,1464
Scribbler Productions,3257
MotorOctane,3768
Mark Production,858
Study Buddy Club,513
Prabhu Bhakti,2280
Teo CRi,132
Lamborghini,787
LOL JUST FOR LAUGHS,1977
Samsung Indonesia,2051
joshiiwuh,463
Primecutpro,1182
RC TRUCK ACTION,1399
LYCAN,69
Aryan verma studios,503
Samantha Strange,315
Cars with Luke,273
Kabi,974
Chocolate Cacao チョコレートカカオ,507
Josh Talks,663
Sanjay Dey,8284
The CATCH Em'z,17
FallOutBoyVEVO,173
noriyaro,274
Pluto V2,2310
steveioe,1679
Attraction Spot,1162
Perry Stone,2374
Living Faith Church Worldwide,3124
Super Wings,2269
IsyCheesy,3023
Motivation2Study,809
Matt McGuire,302
Yellow Brick Cinema - Relaxing Music,3316
Sooshi Mango,352
Amazon Prime Video Sport,2947
MetaverseKids,81
AllToyCollector,2262
Savage Brick Sports,671
NRG Thoom House,10
Bharat Today 24x7,19362
Alodia Gosiengfiao,358
Orange Juice Gaming,3625
Nonparry,2236
Alejandro Rossi,47
Red Chillies Entertainment,1359
FlareTV,20
Deadly Women - Official Channel,330
Doni Bobes,1721
Graduate ff,1072
Universal Movies,0
STMPD RCRDS,1379
백현 Baekhyun,246
Hailey's Magical Playhouse for Kids,38
Unique Vibes,1323
Half Engineer,180
SULTAAN,162
SUPER KIDS TV,44
JoshPalerLin,885
Chess Talk,142
Naira Marley,84
Shemaroo Gujarati,9469
BT21,586
TellyTalkIndia,47398
RSY Entertainment,2
URBAN PENDU RECORDS,85
vIRAL rIDER,34
TraderTV Live,5910
Kanak News,357154
SPN9NEWS सामाजिक आईना,117440
Patrick Boivin,263
Anas Hashmi,674
MA Music,2666
Feeding Steven,562
c90adventures,71
Ganesh Videos,2187
Mozekyto,28
Fact5,171
hartbeat,92
Asian Paints,4081
Music by Blanks,186
Just Ameerah,1254
Rauf & Faik,280
Gingeas,231
Physics Wallah - Alakh Pandey,1656
MotivatorForum,558
YellowBench Tamil,10191
Nile Wilson,727
The Dog Daddy,1110
Air Canada,605
On The Roofs,53
jschlattLIVE,159
MinipangTV,550
DVV Entertainment,496
Sean Pinder,5658
Embassy One,636
Black Flag Army,1777
Priya and Sid,722
Chotoonz TV - Funny Cartoons,3139
Bad Obsession Motorsport,102
makemylogic,40
RCDriftTok,994
Daily Post Punjabi,92578
3B Hoops,3042
Sarah Betts,1245
iCase Mobile Service Center,166
Foodi Shoodi,1271
SRS Media Vision | Kannada Full Movies,1536
American Kennel Club,309
Block Facts,154
Unreported World,194
TheElmoMusic,108
Tal Oran - TheTravelingClatt,1870
hot for food,602
Lazar Angelov,71
Hicko,430
Little Big Shots,1086
Creative Think,737
Trimix,459
Keiji RO,101
Little Simz,146
TFJJ,1144
Nice Peter,103
Romeo Lacoste,237
ChristopherOdd,10072
Royal Enfield,1462
DRJ Records Movies,1665
100huntley,10686
Adorea Olomouc,97
Baby Keem,10
EVOLUTION CINEMAS,24
Ishtar Regional,2478
Big Think,9596
KidCity,632
Our History,734
Fandango at Home,3190
driving 4 answers,474
The Jazz Hop Café,294
Nico Leonard,810
Ospenarium,2734
News Buzz,32886
MyClassicCarTV,857
Jesse James West,845
Turbo Entertainment,86
RCScaleAirplanes,483
USA RAJA Telugu vlogs,1816
Robert Clancy,3189
Xbox,14739
JustCartoons,322
Mahila Utthan Mandal,1004
ALEXITY,708
The London Standard,18448
Amazon Discount Fairy,1
The Wilson Family,93
Sheet Music Boss,3109
Panlasang Pinoy,1473
FortniteBRFeed,1244
Gavin Magnus,956
OUR STUPID REACTIONS,5872
Apollo,295
Mini Katana,2904
Mercedes-AMG Petronas Formula One Team,2436
Elegance,502
Drain Addict,1077
Making it happen Vlog,1943
TYT Sports,15735
Adrienne Tessier,32
BucketPlanks,52
Weed 'em & Reap,974
Our Comedy,129
Blok & Dino,125
We laugh,149
Nazar Battu,231
MiniforceTV,518
Grant Cardone,6319
FTD Facts,2537
emi wong,829
Green House Seed Co,160
Vertex Records,303
Schenik,25
DirtyMoneyVEVO,14
Geography Now,1086
Channel i Tv,11349
LoeyLane,1774
Allen Tsai,532
Itchy Boots,753
Ayu Tips in Hindi,842
Motivedia - Boxing,131
ImNotaCasualty,73
Crazy Universe,34
Ben Lionel Scott,545
Peppa Foodie,1634
Logdotzip,3249
alexias788,340
MOVIES HD,384
thisisnoizy,253
Animations Xplaned,20
Sub2loveliveserve,22
COPA90 Football,1967
Phone Repair Guru,1545
Christian Maté Grab,118
BMW,1104
XDA,626
Will Power,48
Fasterproms,433
The Series Room,0
Pitmaster X,1827
Aznromeo,231
Tanya Hennessy,376
DeluxPlays,1479
Rousseau,145
Devon Crawford,58
How To Cake It,1044
Editorial Natural Beauty556,3785
D&B Nation,171
fliptopbattles,1787
Respect - More Than Just a Word,7
The Emirates FA Cup,5410
Anand Audio Kannada Comedy,856
Justmaiko,172
Austin Sprinz,2968
Tina Halada,92
VIEWS,26
Shanice Slatter,14
DeadlyGaming266,2981
Remainings,265
Council on Foreign Relations,4615
Elly Awesome,280
OLD STORY,66
Ace Videos,327
Humane World for Animals,1651
2PacVEVO,33
nikeskateboarding,390
Her 86m2,222
Kal,49
Jacob Laukaitis,70
Gyan Gamingㅤ,3851
Payton Delu,350
les Segpa,26
Little Lizard Adventures,3136
HandCraft,66
Easy Cakes Decorating Ideas,592
SIS Media,941
Zeus,1371
Crush it ! - Amazing Experiments,175
ClickView,252
Yashraj Mukhate,142
TanqR,869
Leroy Sanchez,299
Kimer “RawCut” Lorens,129
Food Fatafat Kitchen,89
Nightmare Tales,127
Shan e Delhi,1572
Crazy India,4564
Talking Tom & Friends TV Mini,740
Dynam1te,65
Tyreek Hill,485
Incredible Machines,22
ENGLISH with James · engVid,307
MoneySavingVideos,978
HLN,21396
GameToons Gaming,183
THINKAboutTheINK,134
"Maa, yeh kaise karun?",1030
Ownage Pranks,549
ChubbyDino,803
Random Structure TV,429
TheThings Celebrity,4347
Sydney Opera House,656
Jesse Wellens,76
Be. Busta,1175
CookingShooking,617
DANIELA,22
Jon Gomm,64
How to Make yummy,4221
Divvya Dhawan,4869
Peacock Kids,3606
bonnietylerVEVO,57
uhyeah,76
Nicktoons,2463
Charisma on Command,418
Jeremy Verburg,81
DiodeGoneWild,586
Pravallika_Richh akka,1328
Summer Walker,495
Haley's Corner,483
AMON,24
Jadyn Rylee,114
StudioLaCoupole-استديولاكوبول,238
Jason Vlogs,1089
shadow759,794
Prime Television,43471
MoAliFC,2725
asmr zeitgeist,385
ITV News,25269
Make.Test.Battle,198
Coin Bureau,1653
Winning ID,883
Gökmen ALTUNTAŞ,102
Jonas Blue,469
makoccino,423
MyCupcakeAddiction,489
Fuzzy,4004
Swas Rock,96
Comedy Wale,4882
Silo Entertainment,427
OussiFooty,518
#Sport Channel,48
Kiddyzuzaa - WildBrain,853
Top Extract,242
NASA Video,10554
noobkill213,3234
Physio REHAB,954
Sensual Musique,2052
AmericanMuscle Mustang,3730
TwoAMaazing,45
Vapex Karma,1099
MissFoxxyy,644
MRT Music,2939
Aussie Gold & Opal Hunters+,1093
Harmonize,1006
Joe Robinet,684
wewantwraiths,31
Headlines Sports,9395
andrea romano,12
Hands Touch,786
Kavos,558
BoyWithUke,120
Sam Tabor,2459
台灣啟示錄,4049
HP Support,26594
Boston Dynamics,152
Cinecurryy,334
AYE Music,35
ThioJoe,983
Jio,1985
Hansraj Raghuwanshi,158
Deepak Tulsyan,622
Man About Cake,134
Google ATAP,45
Virgin Galactic,102
Jimmy Butler,76
Sticky,1363
Twi Shorts,778
Walk off the Earth,807
Chef Ranveer Brar,1577
Kai W,451
Morgan Adams,81
LMG Clips,2259
Autocar India,5134
CARJAM TV,1901
Surprise Unboxing Club,1717
zollotech,4326
Swad official,2064
Vinces Voices,205
animelab,1348
Everyday Astronaut,497
ConceptsiPhone,390
First Things First,9070
TwoFeet,77
The Deshbhakt,635
Perre motovlog,132
GabeSweats,257
Team Lyqa,1365
Hayley Williams,204
The Outsider,247
WeDamnz,181
Masti Tv - Hindi Stories,443
Kim Henriksen,56
Top Tunes,14
CEAT Tyres,588
Goldmines World,740
Dilli Tak,42078
Official the jeet,1120
Newsflare,10681
Birds & Things,118
JCS - Criminal Psychology,24
Blooup Tv,722
BriannaGamez,24
DJ Noize,400
Solus Astorias,541
AlishaMarie,663
LMG Vids,1989
Paul E.T.,33
ProdCharles,589
Wolfoo's stories,167
Voltrox,158
Oyff,252
IbraAlliance,366
VN Live,4267
Indian Backpacker,446
EltonJohnVEVO,185
be japy,25
BEAUTY NEWS,864
SommitSports,514
RainbowKidz Tv - Kids Songs and Nursery Rhymes,185
Sam Chui,562
Dr. Peacock,428
Brennan Rogers,1084
Oneindia Kannada,50091
lilRyan,1392
Top 5 Best,2527
yb,515
JColeVEVO,33
The Izzys,2153
Josh Cahill,435
Google Maps,168
Motor1,6172
Baby Kid,67
Dannic,650
ASMR DIY Slime,2717
VENDY YADUWANSHI,1294
Best Hairstyles for Girls,24
Zac Efron,16
Dangie Bros,540
Scene City,5063
Sara Aydin,140
Crypt TV,717
ROG Global,2082
Inter,14061
Luxury Savannahs,306
Comedy Central UK,11332
BiologyByte,55
Mr. Cakes,317
Jungle Beat,1118
zankye,7742
Itsdanielmac,1474
Raphael Gomes,537
Smyang Piano,839
LiLDebbieTV,71
Todor Boshnakov,43
Karl Conrad,1778
The Lallantop,74084
The Voice,2782
DominoERDMANN,190
SKELUX,367
Pain&Gain,17
TheSmokingTire,1434
FACT FIRE KING,2871
Kids Toy's,438
Knowledge Humesha,1232
Dean Schneider,248
How To Make Everything,420
Mayara Rodrigues,910
GhostBCVEVO,16
Aitch,332
Epson America,1754
Pecos Hank,201
CedDrawsNear,361
twomad,156
Lewis Spears,650
Floydson,91
99TV Telugu,234802
Simple History,1242
Kitchen with Amna,1505
Conexão Jiraiya,122
CatPusic Shorts,30
CiaraVEVO,69
New Hope Club,350
MayTree,349
Game Maker's Toolkit,228
Telugu Movies,411
airtel India,1449
Jacob + Katie Schwarz,40
Century Media Records,4161
Armaan Malik,191
Naomi Wu,328
Joshlewisgsy,34
SkeppysLab,11
Scary Teacher 3D Hile,347
Koluguri 24 / 7 News TV,52740
postboxpat,2609
JorporXx (Mark de Groot),119
Kickboxingplanet TV,43
26Solmates magic,261
CAPITAL TV,26278
AVweb,1576
South Park Studios,786
The Mik Maks,354
Chu Chu Kids Train TV,19
The Knowledge,548
TheJizzy,1330
Harry Partridge,64
Wild We Roam,424
Single Track Haryanvi,85
Joey van der Steeg,35
Dr. Pimple Popper,3760
K&K Productions,114
Hari Sharma,29819
RaceVidzzzFTW,995
Hollywood English Collection,151
Fortnite,1757
Preppy Kitchen,1335
Georgia Aquarium,384
pressnews tv,46436
Life of Sammie & Summer,175
UXU,11
CoffeeFuelledGenius,70
Cash,1228
2veritasium,51
Omcoo,389
AyoDen,29
RYANcomedy,1389
ImminentHD,109
GOLLACHUT,195
Marvin Matyka,26
Louis Tomlinson,125
Canções Marcantes,3237
Dog Toons,433
VossenWheels,1221
Rainman Ray's Repairs,1628
HAMSTER MIMI,4
Star Studios,998
Prasadtechintelugu,4938
Ryan George,402
PSL Channel,131
Salman Khan Films,298
Robbin Rams,1746
Jack Neel,475
Nopelindo Putra Perkasa,413
Maggie and Shanti,502
2 Chainz,471
華研國際,1691
AppleTrack,2034
Varinder Brar,102
Cityline,9804
Historic Mysteries,491
HAYATAKU はやたく,2302
Tyler Shaw,151
Fall Out Boy,261
Blaze Infinity,1017
FoodFood,4647
Wranglerstar,4562
Dark Matter,46
coppersan,1679
Josh Otusanya,943
LukaMamson,191
DarkSideSports,38
Motormouth,2153
Songs for Church,0
QuickyBaby,2562
Disruptor Comedy,115
Peak Time Racing,2743
Bright Insight,162
Shane2,104
Scary Teacher 3D Gaming,116
Deep Territory,1738
Commando Fitness club,268
A Mere Creator,56
Yung Chip,424
MrMrMANGOHEAD,876
CMV,340
Zig & Sharko,1569
AR Entertainments Movies,5246
Seeker,3962
Mevlan Shaba,26
HitokageProduction,684
Ajay Chauhan,1396
JIGGO,56
KING HUSKII,47
YandelVEVO,101
pipocaVFX,39
Creative Thinks - A to Z,72
Bollywood Silver Screen,1423
Yahoo Australia,9250
Sanfara,125
TV Annapurna,9345
FOX Sports,17581
Xploshi,113
Best of The Voice Kids,877
Zane98,382
Steven Richter,244
Sharmaji Technical,643
Lionfield,1755
Pocket Films,3192
watchwellcast,147
AFM Records,1479
Malaimurasu Tv 24X7,95116
Project Spherical,142
Justin Tse,1511
Daniel Mackler,540
Snazzy Labs,1213
MrGSTAR321,537
HvdH-Plane-Spotter,214
DLP Welcome,1689
OverShadow Creations,227
123 GO! CHALLENGE,1278
Toronto Star,6750
Julian Smith,87
SnakeHuntersTV,401
Chloe Constance,34
Top 10 Tamil,667
Bad Bunny - Topic,181
Dark Mystery,5315
SR Toys Collection,984
Yoga With Adriene,781
Nitin 005,2395
Dabl,806
GK mahatmaji most,1216
The Grand Tour,900
StylesX2,811
Aliza In The Kitchen,532
JunkFoodTasterDotCom,5399
Tusharsworld,132
ABC Television Stations,1929
Bhojpuri Junction,741
Sprint,207
ibxtoycat,7690
华策影视青春剧场 HUACE GLOBAL FUN,1952
Dimitri Vegas & Like Mike,890
TPN LIVE by DRM,17599
Wyldpytch Rekords / 51 Lex Records,9748
Dest Dol,23
Elvis The Alien,204
Vishali Khurana'S LiiFE,936
Giesbert Nijhuis,54
Pungence,3202
Karikku,186
moviekidd826,15
Caddicarus,510
BVIRAL,21611
Autogefühl,3557
Tomo,210
B.C.&Lowy,500
ScienceClic English,55
Ricer Miata,2296
alishanmao,5582
We r Loser,1279
Wenzo,52
Fiat,739
Cyber Tamizha - சைபர் தமிழா,546
Rhaea Estelle,53
EXO,771
How Ridiculous,787
UFC ON FOX,1994
Space Ranger Roger - WildBrain,601
Rising Higher Meditation ®,552
Vishkujo,888
Roman Catholic Archdiocese of Singapore,4014
Bush Channel,216
Gaane Naye Purane,4137
G3AR - 'GreekGadgetGuru',132
VisualMediaTV,69
Ryan Taylor,666
Inside A Mind,94
Ferdy․com | Ferdy Korpershoek,547
Jamesify,1064
Jessica Kaylee,2041
Viktor Larkhill,2960
heck,10
steveo1kinevo,270
DanceOn,2244
Lil BUB,271
Radio Free Europe/Radio Liberty,10035
Home Cooking Adventure,850
Amrinder Gill,58
Volbeat,156
Shama Art,1703
News18 UP Uttarakhand,227240
United States Holocaust Memorial Museum,1336
Ayase / YOASOBI,268
But Without,49
Powfu,181
TheRealKyleSister,37
Rinor Susuri EMINƎM,82
"Dog Rescue Shelter, Serbia",153
RCM Bhojpuri Hit,11146
ProjectJamesify,3469
U.S. Soccer,9098
LEMMiNO,171
Truthstream Media,610
Mitr0,68
Not Exactly Normal,207
kiduel,339
Danny Aarons,2782
Eyes On Cinema,753
The Wooded Beardsman,784
MMA Meltdown,764
Stratzenblitz75,58
BLUE BOX,524
Shock Frost,721
Sharon Farrell,167
Gigi Gorgeous,579
Zorph,60
Tapendra Mandal,35
Official Stacey David,846
The Review Spot,11104
Slmccl,346
CloudyApples,150
Gabe and Garrett,220
Korea Scouter TV,108
Motorola India,1505
RCSparks Studio,2134
Speed Academy,1076
Josh Strife Hayes,702
Arf,41
Fun Face Paint,21
Luciana Zogbi,36
Gadget Hacks,2234
The Nightly Show,180
Your Food Lab,1673
Rich Gang ENT,29
CKay,141
CMA Music,106
Shawn James,472
The Templin Institute,580
hollywoodstreams,7141
Blitzwinger,12257
Depeche Mode,28
Ajit Anjum,8362
Go Buster - Bus Cartoons & Kids Stories,1349
Corinthius,32
Scyrina,43
Lionsgate Movies,2525
RDC Movie,412
Kaotsun's Cover Dance Crew (KCDC),803
Fireman Sam US,1788
TheSorryGirls,1386
Ravi Gupta,10
Spirit Of The Law,747
BrenyBeast,972
GOT7,579
BTWN US,108
Noah Schnapp,0
The Screen Patti,385
Zee 24 Kalak,198334
Rekt Videos,49
Mana Health And More,154
Pokimane,301
Hang Massive,159
Colorful Life,80
Zon Zon,446
Combat Gaming,20
kpopchonny,47
Carli Bybel,731
dejloafVEVO,38
Smile Squad Comedy,1210
Studious Telugu,437
DAY1,78
WE Movement,988
Top5Central,495
Khaled,26
Wickens Wicked Reptiles,790
mikeymegamega,480
Tubelight Media,892
Patrik Pietschmann,119
Jan St Celica,137
AniMeow ASMR,55
Rapid Liquid,558
Regnum Christi,1361
VS GAG,26
Minecraft Miraculous Ladybug,388
Brando Pittugo,1776
Sophie chan,114
CooperAceProductions,2441
Artkala,1849
Kh Animal-lover,495
Hiroyuki Terada - Diaries of a Master Sushi Chef,808
DermBeautyMD,14
squizzy,115
Lunar Eclipse,10
The Skid Factory,413
ArmedForcesUpdate,365
LoveSHEET,113
Rajshri Food,2037
Uzoo,578
Ganga Bhakti,1660
Aron Norbert AfrodanceVid,86
Pianta,502
TimTom,35
To Binge,167
HANOOLAATO,2223
Driver61,386
BRAINY DOSE,678
Mythology & Fiction Explained,294
Amazing facts,2
LowSpecGamer,28
Long Long Honeymoon,571
JoBlo Superheroes,3521
Snake Artist,736
The Lion Guard,293
ItsJabo,96
All Action,972
Rachael Ray Show,9265
Howieazy,1285
The Virtual Café,22
Sagawa /さがわ,10251
HDCYT,57
Built Not Bought,461
Crazy XYZ,1481
IANS TV,23080
Dream Vine,10
CouRage,1998
The Technical Difficulties,24
Soft White Underbelly,2842
Chef Prateek's Kitchen,1241
TA Outdoors,587
ALEKS TV,11
ALL THE K-POP,35576
Robot Trains official,744
Garrett Watts,78
UMC,274
Samsung UK,2218
Uproar Production,100
Kaboochi Kids Baby Songs and Nursery Rhymes,2083
GPhase,12
Daidus,44
Vision Time Tamil,12220
BhandarTV,719
Maleek Berry,123
VTEN MUSIC,49
Toosii,175
Arcadius Kul,1510
MURGI CHICKS,388
Billy Bricks Compilations - WildBrain,424
Gharelu Ayurved,333
Lea Michele,5
Shining India,1861
WhyKnot,673
Patty Mayo,561
UPSC PCS Insider,2115
Alok,474
Louis Rossmann,3940
Fooligan,685
CroatCode,49
Sakar Gurung,2
dave c,170
The Fast Lane Car,4363
Manual do Motor Stirling - Leandro Wagner,109
McCreamy,1063
Piper Blush,2
Dutchavelli,37
Brandon Li,248
DRJ Records,337
Manchester United,5510
Mulakuppadam Films,50
Patricia Janečková,61
GD Colon,284
Waqar Malik,5319
Lenny Tavarez,329
Maithili Khushi,957
PaanDuh,34
Gordon Murray Automotive,103
Nerdforge,195
Thansis1997,51
SMGTUBEII,3
Let's LEARN,2770
Marius Mutin,6986
Araathi,1049
Keepin it Karl,38
Ally Law,0
Prinz,185
Hashtag,70
Rishi_parkour3.5.6.2.7,163
True Records,14
Google Help,1130
GrayStillPlays,4138
fightTIPS,1354
JoBlo Movie Clips,6054
Son And Dad,1220
Subhashree Jena Official,180
Colleen Ballinger,1081
Gnarly Charlie,71
nick briz,77
TV9 Telugu Live,437635
Aaron Doughty,2256
Anthony Panza,516
NEXT EXAM,3159
Jaydon,29
Sheethal And Vinu,1109
Vintage Files,54
100% Pure New Zealand,1107
REBOUND,250
Led By Donkeys,92
Fearless & Far,607
Kika Kim,2125
The Majority Report w/ Sam Seder,27640
Detroit Threat Management Center,2358
WildLens by Abrar,612
DT Restoration,263
ANDREW HUANG,798
Action Play,11
DRJ Records Classics,1240
AdjrianNickelodeon,280
Double Click,21
Shut Up! Cartoons,485
STEVE AND MAGGIE,492
Gannayak Films,960
SKITS,5372
Turkish Movies,891
Official World of Dance,5583
Movie Logic,1131
PetraGrey,37
Learn German,1346
Summer Mckeen,506
Project Veritas,1421
Erin Janus,21
Loski Official,37
The Hunger Games,183
More Emily,610
AnahiVEVO,16
SomeThingElseYT,82
Harlem Globetrotters,1473
Amar Ujala,137339
LOST iN,1214
GeoBeats Animals,1395
Eddie van der Meer,491
CBC News,40526
fabilein93,86
jack dauth,336
withwendy,351
Suibhne,56
Neighbours Official Channel,1664
junky janker,12
Dell Technologies India,234
Bonehead Truckers,2313
Indian Football,3002
Studio MDHR,22
Erwin Tulfo,5113
jaglavaksoldier,1406
Dangthatsalongname,2019
Barn Sanctuary,99
RC RC RC!!!,2121
Musti,39
Claudia Sulewski,321
ZIAS!,543
Mr. Fruit,4322
Twin Throttlers,1417
RKD Movies,213
Euro NCAP,1369
Tekta AI,58
Stunning Videos 4K,426
ROOKIEMING 루키밍,1904
Anthony Po,187
Swagger Sharma,174
ArcticMonkeysVEVO,16
Vũ Thành Công,786
Mind over Matrix,72
VOXDOC - the voicedoctor,62
JR Garage,499
vlogz of rishab,669
Woody & Kleiny Extra,619
Vexx,160
Food Lovers TV,1254
Eddie Hall The Beast,679
CricDive,551
NewEditionVEVO,15
Cafe Music BGM channel,2986
The Wild Adventure Girls,903
Steevski,21
Nekky Natural Remedies,823
Oliver Nordin,1281
Akarsha Media,185
Anirudh Sharma Music,17
decocookie,895
FilmJoy,256
Madilyn Bailey,404
NativLang,211
special edd,872
marcgallagher32,742
GamerBrain,38
Sham Idrees,473
BVI Channel 1,5655
Justin Flom,1155
iamfallfromgrace,438
Like Nastya Show,850
Real Life Rescue,1170
Hollywood Express,336
OnePlus India,868
Grouse House,342
Anthony Wreyn,1428
SAD-ist,63
Kshitiz Sapkota,102
alyankovic,146
KSIvsLogan,16
Liberman,1108
LENNOZ,36
Marszz,14
MrMcSnuffyFluffy,19
Stacks,21
stewie2k,329
CNBC,15739
Fleeting Films,533
Jahan's Book Review,188
Dog Training by Kikopup,907
Chef Deena’s Kitchen,2033
Mike Inel,49
Annika Victoria,222
ESPN MMA,11726
KRSNA,66
Miniature Magic Studio,943
WOW TV,1500
CinthiaTruong,72
Inside the Magic,5609
YogaEasy,892
BigTimeRushVevo,40
Mohak Meet,1416
LSToast,1640
Hoonigan,1504
lil loaded music,40
Kallmekris,633
Pos Animation,44
ManlikeHaks,23
Ani-One Asia,7718
Milana Coco,191
Tristan Botteram,565
Science Fiction Station,766
The Fumble,10295
Colour in Your Life,623
Jaboody Dubs,163
FTD News,3475
Amendobobo TV,16
CG5,668
Michael Dapaah,140
Juxiis,120
Jasmin Walia,37
TheRelaxingEnd,4086
Hitesh KS : Hindi Gaming,2097
Noud van Harskamp,831
chatpat toy tv,1894
Helpful DIY,8144
World of Creativity,167
The R,230
GrumpyDog,51
Rimmy Downunder,1423
MarinOfficial,28
SADHNA GOLD,37439
A Chick Called Albert,149
Karl,162
The Royal Family Channel,7201
DFBGuide,3458
Filmymoji,464
Minutes Mystery,745
TwiistedPandora,1621
Scout,1772
Survival Builder,334
Neeraj Madhav,26
SumanTV MOM,4786
Rahma Riad,72
Nightblue3,1001
OlaBMX,690
remhq,349
yung maestro,46
RodWave,216
No0b3,392
Giannis Antetokounmpo,67
SourceForge,4370
Creative Channel,1200
Lucas & Steve,232
Nailbees,29
The Skorys,1698
Moonbug Kids Play and Learn,1307
Danny Maude,441
briQle,127
Flowerscow,32
Sense Islam,1014
FunnyVines,743
Bitwit,1236
Wow Awesome,15
Mr. Clabik,2111
Rick Astley,363
Family Fun Pack,3232
5starcaps,66
Samm Sheperd (SNRS),90
Berlin,106
knk creation official,23
Skallagrim,1646
angelicajaneyap,178
Alpha SQUAD official,1391
Raycevick,87
Captain Eggcellent,953
BassTheWorld.com,2310
The Potter’s House of Dallas,3159
Stuff Made Here,38
The 86th Floor: Cosplay and Cons,939
Etihad Airways,713
NBA Funny,6
Shaun the Sheep Official,1273
KTO,302
NurdRage,294
Alonzo Lerone,652
utkal cartoonworld,963
JoBlo Animated Videos,4399
ComedyOn,46
INFO🌍WORLD,8
MSG TOONS,297
SILVER SPADES,25
eNCA,119850
CrazyFunnyStuffCFS,204
Super Truck - Car City Universe,1299
1 Minute Animals,1367
Daily Trending News,49874
CoComelon - Cody Time,920
Johnny Carey,425
Cosmo Guy,211
Click On Detroit | Local 4 | WDIV,104889
JacksEpicYoutubeChannelFullOfFunTimesAndFunHiRickX,42
docm77,4035
Vine Paridas,58
Kuldeep M Pai,365
City Girls,77
4ever2wherever,1687
Alpharad,961
Faycel Sghir I فيصل الصغير,69
Deddy Corbuzier,2024
Tofu the Corgi,379
Masti Club in Bengali,190
Bob Marley,540
Veronika Spurná,258
New Scientist,4583
ZaidAliT Vlogs,230
CLASSIC COMEDY CHANNEL,1124
Claudia Dean World,228
5SOS,330
Spoken Reasons,420
Shark Puppet,434
Football Daily,4852
Ryscu,31
Hub Cinema,627
Zee Rajasthan News,87606
edureka! Telugu,10
Rasbhari Ke Papa,92
Android Authority,5164
Ryguyrocky,1921
Red Dirt,118
BabyTime TV - Kids Learning Videos,18
Makin Memories,566
International Labour Organization,3020
Matisse Thybulle,19
Martine,6873
ViralHog,56729
Wendy's Lookbook,134
Egoraptor,104
YLST - YouLearnedSomethingToday,20
Lyrical Lemonade,461
TheBestCubeHD,180
Deligracy,2687
The Gebonions,74
iPARTYNAUSEOUS,324
Bhakti Sagar AR Entertainments,4308
BETO GAMER,4350
The Slendy Show,501
LEGACY RECORDS,5
news.com.au,17522
GONTH,1046
Ruby Ka Kitchen,1833
TH14,404
Cryptize,18
Jelle's Marble Runs,743
HaytersTV,16220
Rob Anderson,217
Trav and Cor,473
Booba – Cartoon for Kids,1568
Giants Live STRONGMAN,1362
Sagar's Kitchen,1259
Hungry Birds Inside,158
genipool,273
Lil Baby - Topic,793
National Geographic,11038
Mr. Probz,62
Google Workspace,3615
Messi Magic™,376
Dino Kids,762
Streamers Reloaded,232
DIY Perks,120
Kiera Bridget,548
The Starky Aman,46
Pocoyo - Nursery Rhymes,745
Guka Family Show,3201
Ola,463
Visit Israel,836
WILTY? Nope!,640
T-Series Islamic Music,4815
TAG TV,11142
CSM Relaxing,3806
코코몽 COCOMONG TV - Cartoon & Song For Kids,1720
DraconiteDragon,34
Miro55,92
Moto Madness,2043
MacKenzieQueen,27
Beeko99HD,44
Tiger FunnyWorks,616
The Fitness Marshall,3501
I. M. Bixu,545
LDN Movements,398
Mr. Tamizhan,776
ClickForTaz,524
Holly Dolke,1099
Shark,3728
Autotrader,1546
HSM,285
Zin2D,72
MTSG,34
cobanermani456,2774
Arun Smoki,873
The Economist,1095
Overwatch Highlights,44
TrentAndLuke,45
SCS Software,863
Street Byte,888
adidas,716
Billy Perry,551
ThePrint,36785
Hello TV- Nursery Rhymes,83
Washington National Cathedral,4337
Basant Jangra,2163
Wakaleo,24
Jess Conte,310
Tim Sawyer,816
Tanmay Bhat,1563
CandRfun,224
Duran Duran,660
Eyasu,140
Love For Animals,12
RJS Cinemas,1889
ROSÉ,88
MrFunnyMals,108
Hunter Fekete,175
Crazy 4 Bollywood,18159
Billboard,14147
Engineering8,67
Rihanna - Topic,1200
baremetalHW,188
BlackSheep Studios,745
g Element,184
Anthill Art,33
Icycol,2978
TronicsFix,743
.sad 悲しい,338
Travel With Chatura,364
TJ_bb,38
Sonic David,1065
Genieland,2423
TheStradman,1212
The Home of Peppa Pig,360
phili,9
Crowne Prince,359
Fateh DOE,166
Fraser Wilson,367
Fat Olli,88
COACH ALI,1863
Ozone Entertainment,103
Liverpool FC,8946
The Crochet Crowd,6363
"Regal Entertainment, Inc.",11633
Punjabi News Corner,905
MrBallen,542
Jelai Andres,322
randomfrankp,1272
Babloo Mayaa,429
Dr.E (Max Lee),3250
Redo & Miifa,29
Fellowship Bible Chapel,2368
Ariel Noah,56
GTA Gaming,2451
Junior H - Topic,167
MNXHD,112
WTFFOR,571
clapboardfilms-plus,18
Nicole Cole,160
Kid Cudi,122
Martin Miller,245
verbalase,544
Finlay Christie,128
Harbor Freight,744
CNET Highlights,2912
CricketCloud,646
LADbible Stories,1442
Fit Tuber,547
Brenden,967
GalaxyDreaming,476
Hoby - OW,15
Daily Fish Cutting Show,0
Vehicle Virals,415
Rendy Rangers,4628
MaxCraft,172
NTV News,104420
NICOLE SKYES,734
Kanye West,20
Ishtar Punjabi,6896
ResortTV1,3678
Gabrielle Sunheart Crow Shield,232
Sky Sports Premier League,13863
William Osman,170
Kylie Jenner,157
World Table Tennis,41288
Fact Tube,702
Chengman,153
91mobiles,5308
Clifton Chilli Club,832
xiaolindrawing,557
Jean-Baptiste CHANDELIER,48
FactFile,933
Laughing Place,8357
66Samus,682
Roshens Vlog,1016
The Drive,1384
BODYBUILDING,404
Cars Day,18
VYRL Haryanvi,371
Akash Dodeja,205
americatvLETSPLAY,185
growingannanas,1155
Aculite,1022
Johnny Blaze Gaming,1764
America's Funniest Home Videos,2689
Felix Colgrave,64
JustDustin Reacts,643
Gabriella Laberge,108
Sonic Electronix,1688
Battlefield,309
Ladies of Soul,268
BwaJack,937
BoringTV,17
Liberta Officiel,30
TheYottaTube,1433
Da Regular Sauce,169
FarArmy Productions,40
Eckhart Tolle,1310
PJ Dreams ASMR,781
Mark Tilbury Backstage,67
Bazza Gazza,206
The Warp Zone,912
Mashd N Kutcher,81
ZerkaaPlays,5460
MOUH MILANO,31
AoC Network,157
noekje,55
Watch Restoration vlog,160
Jarno Opmeer Clips,387
SmarterEveryDay,391
EenGamer,2060
Geetsly's,1454
Cornell Lab of Ornithology,665
GreenSpot,1088
Skrillex,252
Explore Oceans,240
Red Bullet,1317
Super Candy,77
Lady Gaga - Topic,2445
Rimorav Vlogs,615
Cat Tuber,127
Clash Universe,143
Travingel,861
ND Channel,59
Electric,288
Desh Music,31
Lalacastle,60
Seoul City,1519
More Plates More Dates,1996
Krusty Gamers,750
I am MoBo,198
Layvee,37
Jenn McAllister,436
Burlacher,349
Bramty,6
boogie2988,2461
Relax & Rejuvenate with Jason Stephenson,626
Thaitrick,211
Odd Tinkering,159
The White House,1056
Joanna Soh Official,419
Technoblade,1000
xLL by Lisa & Lena,53
FRONTROW,77
Mo Temsamani Music,174
FAMILY BOOMS,0
The Rideshare Hub,5410
Dark Science,94
Random Encounters,987
Alsido Football,142
PRASV Creation,89
Dolly and Friends,840
YOUKU MOVIE-Get APP now,5648
Dan Bull,672
Boho Beautiful Yoga,655
Huawei Mobile,459
Natashas Kitchen,619
Chaseontwowheels,2059
Just For Kids,82
Royal Gang,683
Stories of Bike,77
Sur Action Movies,62
TheBurntChip,154
Uploads of Fun,2993
Top Call of Duty Plays,1666
Daniel Gizmo,258
ISMAHAWK,47
English Speeches,453
DragTimes,1449
NaughtyBoyVEVO,34
Just Write,82
Natacha Océane,230
iamSanna,3808
Hi Josh,496
Sports Vines Land,27
MrSweetCraft,3
Multi World Knowledge,1173
Kaza LoL Esports Highlights,12780
Walk The World,5179
Trailer Park Boys,152
George of the Jungle,931
Rebecca Vocal Athlete,926
carandbike,5966
Saveafox,1764
Mind Transformer,35
LEGO Little Ones,933
Billy Extra,0
Village Food Channel,538
whatever,838
Rainie Tian,440
7creative,20
AVbyte,232
Bebu,1619
Devoun,1486
appMink,745
Wolters World,2863
arronlee33,2257
Judson Laipply,77
山村小木匠 AnXu,127
Tint Studio,752
20th Century Studios,2919
Rfm VS Games,846
Q-dance,2761
Keystone Science,83
Superzoo TV,739
teske,107
danfart,1471
Aquarium Info,253
The Loud House,1232
Ratchets And Wrenches,437
Beluga,390
Eagles,57
Cosmas Bauer,157
Mahatmaji Technical,1272
Jin and Hattie,944
Sander van Doorn,555
TheOrionSound,160
Basically Homeless,131
Baahubali Movie,75
साउथ हिंदी मूवीज डिजिप्लेक्स,498
Jhol Mol,1
ThatPunchKid,64
Preach Gaming,2991
Gadgets 360,6010
Simple Rangoli Designs,3190
Amira Willighagen | Official,250
Katie Michaelis,95
Rita Ora,397
EYstreem,2137
Sam Evans,70
FUKRA INSAAN LIVE,390
Danny Fitt,3180
Behindwoods Ice,15849
Alec Steele,1180
Friedrich Habetler Music,257
Mallu Traveler,1130
Tekkerz kid,651
Sir Froge,108
MissTiffanyMa,394
GY6vids,264
Super Simple Play with Caitie!,602
FreeQuranEducation,3471
Jentezen Franklin,1545
JeromeFitness,575
Fundy,77
Tech Ingredients,194
Scotty Sire,638
Bizonacci,18
Tiny Chihuahua Cedric,1473
Videojug,3365
ParkingTutorial,28
Nissan Middle East,748
Sheorans,244
Magik Mike,289
Entra Pentra,403
Cyber Tv Podcast,379
First Dates,1928
Mankirt Aulakh,327
Air-Clips.com,2905
Tech Boss,2021
Infinity Mastery,2112
小貝米漿 Logan Beck,654
La La Life Emoji,698
Legendary Shots,1131
Squishy Min Yoongi,88
Dani,68
Engineer Muhammad Ali Mirza - Official Channel,2478
Loserfruit,2194
petralovelyhair,1361
ProGamingStudio ツ,1151
Cake Style,201
Meandmygolf,1870
Mir Hasan Mir,340
Jukin Media,1439
Fall of Civilizations,43
McCann Dog Training,1646
minutephysics,294
Audi India,604
Ali Chaudhry,82
Simon & Talia Clips,1503
Vedantu CBSE 10TH,14252
CDF 96,55
SquishyMuffinz,1348
Scrubby,93
Igor Presnyakov,865
My Country My Ride,1704
Fullboost,2814
Mr.Pudumaya,546
DieselDucy,7772
EASY DIY PAPER,787
Twistie3,2255
Debunked,145
ShotGunRaids,859
brusspup,197
Animals Australia,61
Flat Face Animation,24
JerryRigEverything,1436
Watch Movies Now!,678
English Heritage,697
Autoalex Cars,187
Austin Evans,2456
ADoseofBuckley,773
SB737,2392
NiTringo NBA,1223
Electric Callboy,247
TotalBiscuit,3398
amstudio,199
Warner Bros. India,3025
Hillsong Kids,483
JASON MAKKI,355
Red RC Live,2130
Shoaib Ibrahim Official,593
JOOGSQUAD PPJT,1532
Sky News,67350
"Baby Big Mouth Kids - Sing, Dance, Explore",507
Alex,536
The Vamps,357
NJPW WORLD Official,13391
BT Food Story,4141
Baka Oppai,27
Colleen Vlogs,1930
FNG,2285
Little Movies - Games & Fun,2656
Lewis Shawcross,59
PJ Masks HQ,169
Khooni Monday,713
Fraser Cain,1822
NASASpaceflight,4784
В Поисках Клада и Золота от Виклинга!,2806
cravingsandcalories vlogs,1520
StuntsAmazing,289
Monstercat Instinct,712
Lessons in Meme Culture,1489
Ministry of Defence Singapore,1581
Bowblax,796
Railfan HS,417
ICON Motosports,302
Diesel Creek,388
Rianne Meijer,105
FinnSnow,814
Capture The Wild,207
iRunYew,2221
Rolls-Royce Motor Cars,69
Kids Line♡キッズライン,3251
MemerMan,1
T5G,472
Rae Sremmurd,82
spcl ryo,6
AnimeToons,967
Think Story,1004
Mahalo my Dude,292
Motomobi,1175
Wilbur Soot,140
Fun Tv 420,351
MindYourDecisions,1184
Behold Israel with Amir Tsarfati,1984
Grace For Purpose,2033
TV YABANTU,614
Fablunch,133
ErykahBaduVEVO,10
Hozier,208
Majestic Casual,2428
Remove Before Race,391
MagicofRahat,279
Y Combinator,750
Bharat Local News,252
Gohan The Husky,495
StealTheSpotlight,428
Elsa Arca,2386
Premier Boxing Champions,4603
urbanamadei,781
Dark Corners,2442
RebelYelliex,186674
MyHarto,720
DC Shoes,734
psychicpebbles,45
Good Mythical MORE,2680
SEVENTEEN,3143
Suhay Salim,460
casualgamerreed,14062
Nicole Coenen,462
Explore Africa,1080
BeautySnake,25
tinyschool.tv,230
Jay Prehistoric Pets,3349
Oye It's Prank,871
erasureinfo,241
Audra Auclair,51
Joseph Rodrigues,1049
FM TV,20
Mewrk,181
Guy Collins Animation,84
8Bars Records,22
5-Year Crafts,1029
Infamous Swoosh,87
Gas Monkey Garage,765
Abroad and Hungry,159
The Tony Elumelu Foundation,720
NoahCraftFTW,1290
Sungha Jung,1517
Tim's Bakery,15
97robin997,1762
Eider,143
DM Pranks,36
Associated Press,191921
DeStorm Power,946
Fieldsports Channel,4204
David Bennett,499
Jay Lee Painting,954
Dyson,1332
54vbz,787
Theo Von,1177
ArtKo Point,1279
Bring Me The Horizon,426
Whitney Bjerken,824
Animal Wonders Montana,465
PUBG MOBILE Esports,10726
Animals_Home,1375
Ozturk MotionPictures,619
Alpha Studios,31
VitruvianPhysique,307
林辰Buchi,265
Textile Trainer,92
Kelsey Simone,231
Steven Universe,1397
Zalinki,39
Cody Ko,368
SidTalk,254
RayaWasHere,217
Great Home Ideas,1117
Crunchyroll Dubs,7754
Agni Tamil,359
"Puppet Steve - Minecraft, FNAF & Toy Unboxings",1926
The Quint,39397
jeromelordet,109
TAT Woodworking,107
Rob Landes,588
Sukh Sanghera,204
Tourism Philippines,576
Kiwiz,2617
Jhené Aiko,76
Joe Ashley,88
FG Pets & Entertainment,464
Ricky Dillon,464
hp_overload,29
A Plus School,4530
PsychoTraveller,760
REDEMPTION,5977
MotorWeek,6029
Myt Espanol - Peliculas Completas En Espanol,304
AutoMotoTube,28632
NELK,410
ALL THE SMOKE FIGHT,2550
MadridistaTV,178
Jamos Media,146
OG DAKKU,47
EquiiAlly,80
xkcdHatGuy,10
HRVYVEVO,32
Anthem Game,23
2 Foreigners In Bollywood,72
MashupZone,175
anwa music,60
WEBTOON,1471
Xogland,45
Coha Levelcrossings Channel,2017
Secret Diary Of A Call Girl,36
Fancy Cakes,4554
spencer barbosa,2031
Victoria,1563
Moderat,13
PhilTheThrill,134
Mahindra Thar,239
FantasyStorm Recap,148
Elliot Page,1561
Go Türkiye,1381
Karachi Vynz Official,369
The Cooking Amma,586
Loony,30
SNOR 91,13
Movies Insight Hindi,1897
Khizar,217
Barney the Dinosaur,1769
Jimmy Rees,489
Two Bit da Vinci,474
Dubstep Nation,1189
Cosmic Kids Yoga,1516
Bethany Mota,132
Yes Theory,432
Nicola Chapman,482
Tek Chapagain Tnc,61
Laura Kampf,499
MJ Sailing,417
SweetyHigh,2933
MoreWolfie,865
MarioInATopHat,555
neokCS,352
Bhajano Ki Mala,1304
Thrash 'N' Trash Productions,514
Manip Rai,96
Aksh Baghla,89
Goldmines Dishoom,5763
GreenBoys 2005,90
Calisthenics & Weight Training,60
Studio5,1932
Adam Saleh Vlogs,2457
Felix 10s,83
NBA Max,131
crabstickz,167
TommyOutit,56
Brou,198
MK Studio,191
ACCIONA,2364
Mineworks,111
ScHoolBoyQVEVO,60
PlayEven,4839
Pambansang Kolokoy,1024
Animenz Piano Sheets,227
YellowBee Craft,92
Chemical Guys,2606
Tommy Craze,214
ReadySalted80,3417
Era Istrefi,27
Shilpa Shetty Kundra,835
pChal,556
Sad Vibes Forever,249
Harvard University,3702
Jer Schmidt,63
Alex Wassabi,1331
Biffa Plays Indie Games,2663
Kids Channel - Cartoon Videos for Kids,2713
Boba Motoring,166
Xiedubbel,736
eXtra news Live Stream,154
VinCentiments [OFFICIAL],274
JXN,465
Vox,1879
Slay Network,5854
Anselmo La Manna,16
Thy Art Is Murder,149
ObliviousHD,39
Desi Army,1171
keitaro3660,646
thubprint,617
EnchantedMob,177
The New York Times,10156
White Hill Dhaakad,3198
Horror Stories Hindi Urdu,72
Broskie FC,85
The Ring of Fire,25205
King of Cubers,746
TECHNO AZA,32
MIKOLAS,64
Huda Beauty,495
Fluffy Jet Productions,1414
Jamie Paige,967
SovietWomble,202
rexolyrics (soshilyrics),263
Slow Mo Lab,138
Colors Tamil,60536
Beppo,203
Little Miss Sofia,297
David Lopez,1131
Bonda,409
HD Movie Talkies,82
HISHE Kids,35
Amma Samayal Videos,1224
Elitestback,49
FERG,81
Dayum,243
Sub,1848
Prasar Bharati Sports,7867
Sammy Hitzke Fishing,472
The Music Decomposer,66
Lovely Lauren,170
Food and Agriculture Organization of the United Nations,15952
Zee Business,152279
WizardingWorld,64
Amy Ordman,97
TFIL (Traveling to EVERY COUNTRY in A-Z Order),763
How To Make It: DIY Inventions & Useful Life Hacks,734
Tech for genius,459
Michael Knowles,8662
Let's Game It Out,738
Dino's Vault,2721
Ishfi,1281
Pol,298
TanishqJewellery,930
Cherry Wallis,946
OutKick,12459
Cynical Reviews,82
Koo Koo TV Shiny and Sasha,155
Super Cars Cartoon,30
Blondi Foks,373
OneLonelyFarmer,3345
Emirates,834
The Mighty Jingles,4214
2NE1,326
Holy Bible,44
TopPassion,79
The Anazala Family,234
danielions playlists,170
Scenic Nature Relaxation,71
XCageGame,10137
ABC Baby Songs - Nursery Rhymes,65
Vehicle Virgins,2178
NylahKitty,31
Dianaevoni Vegas Slot Machine Videos,4186
Blaze and the Monster Machines,1768
thenewboston,4476
Intel,1193
DanQ8000,16648
Škoda India,1013
FudgeMuppet,1837
HappyDays,1528
WickedWiz,38
BENOFTHEWEEK,433
HarryStylesVEVO,64
Killer Mike,184
dancewithSL,94
Winners Team,516
123 GO Like!,1821
Thechrisbarnett,930
Kutingg,7366
HSB OFFICIAL,786
JK YADAV FILMS 🌷 MAITHILI,3780
Paula Moimoi Latu,8133
Alayna Joy,223
LP,492
IM4U,157
More Aj,96
ThrillSeeker,281
Drive.com.au,4629
ChikasChic,256
Danny Winget,1289
The Daily Reminder,2007
Senna Ferguson,362
Funflix Fam,23
Hendi the Hen,57
Livani's Studio,250
Cat Keenan,1189
Indian Movies Station,14
Jeremy Lin 林書豪,210
Answer in Progress,131
Wolfychu,214
xRsAtx,0
Toasty Bros,2374
WildBrain Zigzag,2575
EroldStory,68
R Nait,593
US Auto Industry,680
LoL Esports,11754
The B1M,769
Enola Bedard,1217
Mad Mike Whiddett,152
LADbible Shorts,6671
Keisyo,756
lights,382
Toddler Boggler,38
Kreosan English,556
STIMOBEAT,201
Supercar Advocates,325
JOON,5822
Billy Syahputra,797
Aakash Chopra,3315
Coke Studio Pakistan,747
CineDesi,6655
Rock N' Roll True Stories,2526
RichGangVEVO,13
Mike Howl,199
The Meg and Mo Show,1425
samy kamkar,15
Joshua Weissman,766
Kaji Family,1607
Highlight Warehouse,148
Tyler Williams,39
Live The Dash,712
Hindustan News,3564
Prank King Entertainment,186
My Self Reliance,679
Elwyn R,923
Sweat It Out,1264
MalaysiaGazette TV,20039
Dex Arson,68
JarradHD,2045
Licet Studios,106
VIDICAT,137
Short Videos Viral,228
Shirley Setia,185
Delhi Capitals,5204
SidemenReacts,1562
Waterjet Channel,445
BikiniModelFitness,1482
Mr Brain Health,124
Dude Perfect,515
Cool School,2090
Phantom Fear,151
Jules LeBlanc,304
Marc Anthony,233
EmpLemon,96
TechTalkTV,2434
big boss,21
Taras Kul,2314
Nick Ackerman,2927
Lorde,14
STRENGTH WARS,148
Afrotechmods,82
Shangerdanger,2832
Surprise Toy Collections,1379
MOUNTAIN TREKKER,661
Microsoft HoloLens,67
Cartoon Network India,3839
Rush Studios,1553
Sidharth Bhakti,4678
WildBrain Kinderen,1693
Eks Sam,862
Ram Trucks,56
Eric The Tutor,16
Rerez,383
진용운,205
Jiggin' With Jordan,762
W2S+,236
Peachy,2478
Sport Chek,162
CatPiano Entertainment,1415
werr7xp,37
Devagga Antipiracy,839
GirIndiaFilms HD,754
HITC Football,2645
Woa Parody Like,165
Ridiculous Rides,333
Living Big In A Tiny House,525
NuNi,53
Tripl3M,79
Recombu,3377
RUNWAY FUN,7136
EpicToyChannel,1620
Ask A Ninja,280
Mubasher Lucman Official,5482
Clint's Reptiles,565
Langda Aam Productions,544
Northlane,168
Papa's Kitchen,1400
Hoax Factor,17
KDS Edits,15
Overtime,3778
Creative Hip-Hop,13
BARK,634
AMD,2151
RubyandBonnie,745
MrBrynnorth,37
MojoTravels,1380
Samuel and Audrey - Travel and Food Videos,615
Comedy Bites,1676
Barry Lewis,2179
Little RoPo,3158
Toni Gonzaga Studio,419
Trap Lore Ross,241
Maizen,1161
Bullet,177
Chelsea Football Club,7182
Subway Surfers,1980
Jaclyn Hill,459
Mango News,70382
NardwuarServiette,778
Melissa Metrano,1330
Sony YAY!,1764
Megyn Kelly,11280
Joe Porter,314
Jet Lag: The Game,95
Reuters,70627
GeminiTay,566
SpacePea,58
EliteStudio,905
Call of Duty,2375
Alivia D'Andrea,113
BAZIBANGA,778
Unspoken OUCH!,108
Topfelya,686
"Stanley ""Dirt Monkey"" Genadek",1851
DRJ Records Specials,2933
PHLEARN,1067
Adam Saaks,69
Ramesh Bakotra,2802
XElectrica,106
Precision Striking,914
WhisperOfDreams,21
Chevy Dude,942
Arunas195,572
Dani Razooqi,1559
Garand Thumb,455
Top Anime Central,29
Rob The Ranger Wildlife Videos,5241
Rebecca Stout,1337
WantingsMusic,37
웃웃TwinsFromRussia,9540
LIBIANCA,42
Will’s Whereabouts,292
PuzzLEGO,191
The Lion Whisperer,850
InTheLittleWood aka Martyn,936
SalimBaba Technical,628
Kevin Talbot,2033
MulliganBrothers,676
Senay Bostancioglu,324
Fun Story World™,38
Malayali Friends,85
Logan The Adventure Dog,31
Jharka Rahasya,64
Sancho Animation,347
Zoobees Kids ABC TV - Baby Songs & Nursery Rhymes,517
Shine Music,41
MakeMyTripOfficial,1061
Luhhsetty,365
Tractor Corleone,227
Secret Diary Hindi,75
DopeLyrics,60
H2TechVideos,2100
Seafoam Kitten's ASMR,497
GPDK,20
Sofie Dossi,518
감스트GAMST,5171
Firstpost,60541
twaimz,92
SXR123,90
KING VADER,197
Moskalus,6878
ISHAN LLB,694
Gamen4Bros,599
KiiYii - Kids Songs | Play and Sing with KiiYii,1324
Cook with Lubna,1878
English Addict with Mr Duncan,1739
Top 10 Beyond The Screen,5719
Netherlands Bach Society,956
Magic Flicks,3954
The Little Mermaid 2018 Live Action Movie,13
Rob's World,133
Throttle House,526
Masters Of Craft,98
iBuyNewStuff,58
Amazing Facts,446
StateBalls,581
BiBiPAM Dupi Car's,66
Gamer Robot,162
Cricket District,540
Hashem Al-Ghaili,596
REVERSAL,2471
The Obama White House,7113
Wisdom Productions,2504
YELLOW BLOGGER,180
Mr JWW,993
Helloween,185
BUILT DIESEL MAFIA,1475
Sirius,203
The Aspinall Foundation,815
NanaBorderCollie,48
OG Schaefchen,434
Terroriser,2833
Zebra Nursery Rhymes - Kids Song and Cartoons,1024
LPS Emily,190
Hankook Tire Global,730
itsDesTV,338
P2istheName,997
Kleminho,1412
Teconz,832
CookWithNisha,712
BRANDMADE.TV,114
Andrew Piluk,2329
Rhythm Boyz,245
HockeyBenders,489
Knowledge Feed,100
L is for Luke,53
Nain Jc,31
OwlKitty,101
Călinacho,28
morecaspar,16
LARRAY,175
DankPods,509
adidas Football,153
OfficialPhoneRebel,40
Boston Children's Hospital,2719
tazoh,32
infobells - Telugu,765
TheCameraStoreTV,710
totallyanton,696
Discover Crypto,2191
WhiskerTales,230
Home Science,46
Hillary Clinton,255
SANAE SLAAAY,211
Gaurav katare Extra,313
Måneskin Official,92
Alia Bhatt,90
Derek Gerard,499
Crictales,1862
Parcels,294
GabstaifyMV,111
twomad 360,199
MaximBady,877
119Ministries,756
Kriscoart,87
Alambanz,140
Key & Peele,532
SwaggerSouls,321
Vania Mania Kids,1604
Tedward,1138
DYNO VLOGS,48
Survival Guide to the Dutch,16
You Should Know ?,1756
viperkeeper,1106
Three Russian Bogaturs,19
Random Chikibum,151
Amoeba Sisters,216
Kassem G,61
Hillsong UNITED,541
SpideyPlanet,64
a2z Weddings,1350
NTV Sports,20289
H2O - just add water,1285
HONEY'S BEAUTY & HEALTH,2355
Cracked,2743
GamerGuyd7Aces,1391
carwow,3234
Med School Insiders,438
Zakir Khan,229
Nakkalites FZone,834
Kids Planet Hindi,873
Letupita725HD★,2717
Mohak Mangal,326
English with Ronnie · EnglishLessons4U with engVid,311
Brianna's World,111
VisualPolitik EN,705
Cry Babies in English,2685
Rick Steves' Europe,2027
Kiesza,119
TV9 Entertainment,82033
Shaq The Pug,984
Agent 00 Gaming,900
Tanner Braungardt,872
the fifth estate,451
Dream Stories TV Adventure,827
Frequency Music,12
CharlieBo313,2281
Armando Hasudungan,636
Ze Frank,414
WFLA News Channel 8,52055
ReactionShorts,1518
TerraStone,294
AkashLegoProductions,136
drewdoes,30
Pacific,517
Sijosh N Riya,320
Colors Bangla,35709
Black Pigeon Speaks,105
Lucas T. Jahn,25
SugarTits,235
Goo Jit Zu,1115
OneyNG,53
Tifo Football by The Athletic,1725
Sumit Bhyan,249
GizmoSlip,372
Trap king,33
Digital Trends,7510
Toys AndFun Sisters,212
Emily Norris,1586
Cogito,78
Telugu Videos,5674
On Dispatch,125
Ms. Humphries,17
Real Grumpy Cat,41
ROLLIN' WILD,20
Shaykh Saqib Iqbal - Fan Page,1511
SABC News,257715
TED-Ed Student Talks,8262
DB Live,100774
Schneider Electric,10807
Ultra Movie World,1411
Sinedd,184
Veronica Wang,277
Siemens Knowledge Hub,14742
Trap City,3341
Hassan Draws,964
Crafty Adventures,12
KingSwish,1358
TrainYourBrain,930
Anime Balls Deep,1881
Buff Dudes,788
WeSpeakFootball,105
GalaxyMusic,2228
MommaRedd,874
Apni Dunya Tv,4339
Matt Mulholland YouTube,178
Yo Yo Honey Singh,259
Daksh Gandhi,1186
MK STUDIO,2
Point of View,1869
Janoskians,183
larsandersen23,89
Spice King,683
Rufi Ishfi,434
Family Feud,8106
Stefan Karl,27
Hakson Pro Gaming,1229
ByDiy,474
wifistudy 2.0 by Unacademy,21032
AIverse,80
5-Minute Crafts LIKE,6726
Sur Movis World,236
Uya Kuya TV,1744
Trace Adkins,224
ehowhealth,5369
HoopFlix,126
Binod Bhandari,27
(Fe)MaleASMR,903
Peter McKinnon,768
Endymion,418
Tahliwood Records,53
DSLRguide,315
Taylor Martin,11
teamfortress,35
Pregnancy and Postpartum TV,1134
Distort,25
Prageeth Perera,44
Quang Tran,2357
2HYPE,200
EverydayDriver,608
UnlistedLeaf,2289
Bellpond,19
NFL Films,2593
Bunnie,111
Primitive Jungle Lifeskills,55
Essen Recipes,639
Ethobot,1290
Pakistan Cricket,19258
Veena's Curryworld,1439
Squasha Streams,786
Dan Ondrey,794
Wonder Munna,203
The Insidia Project,98
Rohit Zinjurke,156
Mehndiartist_Hira,807
AMERICAN TACTICAL FIGHTER,102
Rubhen925,6691
ChrisShwafer,48
SAN HOLO,411
BluntedBeatz,619
LimpBizkitVEVO,23
GRAY WOLF,249
Mark Tilbury,280
Cross Training Enduro,873
SEALOOK Official,624
PlayboiCartiVEVO,18
FULL SEND PODCAST,160
Henwy,950
Cozy DIY Home,1440
RAJA RUBI,1229
GM facts {Gaurav Maurya},208
Gonzossm,77
edubuzzkids,231
Kento Bento,79
Shadow Music,1800
Madeyewlook,581
NewsWatch Plus PH,25364
NDL,124
tiyaa_ningwal_official,1032
The Atheist Experience,7502
FifaGaming,6773
Dark Skies,559
Ronald Finger,140
Scary Interesting,230
Banditt066,4896
Studio One,1484
Cutting Crew Music,41
Zozo,336
천재견 사월이sawol,228
Instant Bollywood,13613
Kasey Rayton,341
Top Real Team,61
Gamer G,69
Mike and Mia - Nursery Rhymes and Kids Songs,664
DNCEVEVO,48
Mini Foodkey,144
KHAZANAH TRANS7 OFFICIAL,4238
BR SHAFI,1413
WackenTV,2633
Vintage Records,161
Reaction Matters,305
LilDeuceDeuce,84
DeoxysPrime,3704
Millie and Chloe,370
RedKB,391
jordy2d,586
TNT Fight Sports,3238
ESPN College Football,15110
iDB,3672
Universe Inside You,174
Indeimaus,302
SlayyPop,127
Game Red ball,2763
Train Japan OK,28
123 GO! FOOD,1007
Studio AFK,29
BR Chopra & Other TV Serials,3451
TED Institute,280
Cubey,286
Top 10 Talent,840
WillandSid,90
Lubalin,128
Quanta,221
steveee,3808
Dogumentary TV,1784
Cincinnati Children's,1945
Frostbite Gaming,3406
KRQE,117654
CHANEL,2056
ANC 24/7,141342
Shay Art,479
Zombie Go Boom VP,656
Revo-luution,689
Global Citizen,3250
Austin,439
Monitors Unboxed,195
Tarun Gill,2068
Anshu Bisht,615
Marcus Butler,147
Armada Subjekt,650
Namoh Studios,143
Shin Giwon Piano,243
Nova,6993
Neelkamal Singh Official,152
create,28
Sanju and Lakshmy,342
KreekCraft,6105
VTV,4152
Telepurte,572
RoKKiT KiT,371
Wake'N'Bite,2150
Real Terrain Hobbies,75
sootch00,2005
funnyplox,0
sahil ips,69
Chandan Shetty,72
Beesechurger_73,1088
Brizzy,0
KBS WORLD TV,81453
aespa,1457
Tech Satire,1900
LittleVMills,788
PauseUnpause,5989
Dax Andreas,232
Robby Layton,863
AJ Mitchell,58
Lockk9,60
THE WHY,400
SoupTimmy,515
Jack Houweling,214
Unittick,25
TwoWheelsAndAPonytail,489
Tia Bhatia,385
ROUND III,27
Abhi Sex Education,152
JeremihVEVO,48
TennisCricket.in,23979
ArtiFex Creation,1667
Baby Brown,69
Real Thugesh,538
Aden Films,876
Ynech,569
Maxime MXM,2539
SpaceX,538
LogicVEVO,48
Latti,37
Chunkz,261
Moonbug Literacy - Read Along with Captions,1479
The Social Guide,3481
Oggy & his friends,1705
The Hermansyah A6,3416
Mavado Gully Official,2
Experiments Robert33,110
AJS Universe,1556
Dehati Rasiya,13
SASVlogs,534
†REDZED†,118
Mobile Fun,1858
Lucien Hughes,24
Ultimate Chase,121
Hectanooga1,2507
Sport Vines World,122
JOSH ENTERTAINMENTS,355
T-STUDIO,1222
DIY Vlogs,236
So Effin Kray,163
Car Throttle,974
Just Rolled In,477
The Fishfam,1331
Lil Dicky,115
News18 Bihar Jharkhand,214476
Psyched Substance,312
UhOhBro,38
Rehaan Records,161
MotivationGrid,31
TORA_V4,904
"Not cool, Noah.",19
All The Stations,168
BiscootTV,46549
Christianity Still Makes Sense w/ Dr. Bobby Conway,1820
Backstreet Boys,555
Cars with MDK,1305
Condifiction's Old Channel,14
Anthony Hamilton Jr,1291
Our Cooking Time,722
Matt Larose,219
Daniele Vitale Sax,451
Lullaby Baby,307
Here's Johnny,708
Traxxas,689
Indian ASMR World,455
The Android Guy,92
Jay Leno's Garage,1338
PD,1352
Shadows Glitch -0-,294
Alvaro Soler,214
FUTURISM,415
My Funny Games Builder,1311
ChaseTheBro,3656
iOWNaFERGUSON,4008
Top Things,286
Wild Animals,71
Best of Africa,78
PDK Films,126
Paralives,118
Farmees - Nursery Rhymes And Kids Songs,1719
Xiaomi India,1437
tabii Urdu,2486
Steffi Ulagam,135
Christoph Laimer,19
Heartwise Ministries,469
Coltyy,1224
Dose of Music,213
KAYCEE & RACHEL in WONDERLAND FAMILY,377
ExoticCarspotters,3728
Rotten Tomatoes Coming Soon,25407
Pearle Maaney,774
Itsme Madd,19
VIZE,431
Garden decoration ideas,65
Dheeraj Dixit,167
What Next?,142
CromoPlays,1247
Avelovinit,677
Zola,30
Parul Saxena,445
Clean & Delicious,928
Lalitha Audios And Videos,1657
Funny Everyday,217
Mad Brick,38
UltraVS,3726
Yin Kalle,47
Clyde,26
Abhishek Walia,45
Thiago Gravações,1004
Destination Tips,695
Miro Football,713
Jeanine Amapola,580
Team Darkside,869
Yakki,38
Tim Schofield,1944
NotLuc,155
Prime9 News,347465
Black Sabbath,72
Voice of America,51281
GV GAMING,676
Sunny Malton,55
Mr Brain Junkie,135
ASUS India,878
JoshDub,337
TheDC Shorts,13279
Toronto Sun,16288
Scarce,678
peacocklover27,199
Mental Fakir,0
Twan Kuyper,199
Joe Penna / MysteryGuitarMan,272
Dewansh Chaturvedi,610
Vishal Film Factory,917
Krazy Kritters,154
Tats TopVideos,178
Mind Boggler,1344
Street Food Unlimited,55
That Racing Channel,1294
Eagle Music Video Station,873
Hungry Birds,935
4K Urban Life,659
Akyu Natural,57
Northmen,118
FreeDawkins,2404
Maddie Ziegler,0
Sai Aashirwad,1311
VenturianTale,3395
BBC Sport,3017
Joe,519
NTV Natok,21702
Greg Doucette,4034
Sibbu Giri,175
Pelangi Warna,424
War3Star,710
Pirate Dog,241
NewsFirst Kannada,179754
BBC Asian Network,1169
Oceanliner Designs,473
SportsBD Tube,54
xKito Music,2283
DreamWorks Madagascar,1038
Food Fusion,4576
Kidd Keo,179
Aryan 2 Toonz,325
VintageBeef,6532
Gone to the Snow Dogs,1847
wiwibloggs,9617
Chris Stapleton,21
Daily Fails,5580
Baablu,173
Bonfire Bangladesh,230
Crunkz,30
markcrilley,843
Creative Science,395
Sunny Garewal,70
Tamil Beauty Tv,560
Jipseekid,247
IRSAIS,97
Edmunds Cars,2022
Lasselsson,28
James Samuel,391
QISAS TV,342
Zach B,122
ndsuvirtualcell,26
Kayley Melissa,742
The Wicked North,310
Loku,2601
KIM TAEHYUNG,43
Nix Record,13
Spaghetti Road,26
Rebel HQ,16766
Mr. Mind Blow,12
"European Space Agency, ESA",5096
Meditative Mind,1755
대한항공 (Korean Air),324
MoeAndEthan,42
Sho Ko,494
Learn Dutch with Bart de Pau,474
NOVA PBS Official,1309
gogo 2728,1168
Cake Lovers,477
Emily Skye,52
Attractions Magazine,9497
Explore Live Nature Cams,1136
SageTheGeminiVEVO,13
Eruma Saani,198
Hat Films,5159
Bollywood Sins,98
M4 Tech,694
Darren Wallace,16
SM NEWS,301
Primitive Cooking Kh,454
Khushbu Style,2685
What Car?,1979
GadgetsToUse,6019
Avenged Sevenfold,276
State of Israel,1191
Sergio,20
Chote Miyan Arun,133
Brianna,908
ArtSpear Entertainment,458
MANZOOR's Investigation,255
Jason Nash,1386
Mightyraccoon!,203
MaejorAliMusicVEVO,21
Mass Appeal India,225
Enjoy gaming,979
Noel Miller Presents,54
BadTwin,65
Tanya Burr,63
AWE me,467
WARSOFINSECTS,13
Google Spotlight Stories,38
Aeon Pix Studios,1241
Tea Spill,722
Rottweiler Life,1160
clockner,71
Brew,289
Jacek Zarzycki,732
Acenix Cortos,513
NASA Goddard,2371
Life StyLe,95
WD Detailing,263
ABC 10 News,77984
i-win,305
Ruba Zai,216
World Science Festival,1323
The Orphan Pet,412
FOX 4 Dallas-Fort Worth,29705
Scott Manley,2894
Mud Stamp Films,1141
Lazada Philippines,1451
MDMotivator,531
Kitten Lady,466
Keep Your Daydream,519
Nakkheeran TV,32494
carly tishler,20
ASAPROCKYUPTOWN,80
PlanetApes,366
Hello Catie,453
Ducky Extra,179
Shonduras,1671
Emma Pickles,132
Mythpat,421
MyHealthyDish,824
FXitinPost,13
BrennFilm,152
Clash Royale,796
Delta Highlights,570
Red Velvet,729
The Fast Lane Truck,2343
Ha Hack,729
BFI,5695
Dove PH,1013
aGamesView,38
Tana Mongeau,356
Soldier Knows Best,1958
Oliver Potter,5
KPIX | CBS NEWS BAY AREA,60041
TNT Sports US,4634
Chris Chann,595
Hand Tool Rescue,181
Kaitoucchi,2085
Krystal Key,47
The Ingham Family,3279
Modustrial Maker,146
Vlog with EMMA,115
Creative class @ SARIKA,1914
Beatz Instrumental,144
IMPAULSIVE Clips,4678
Buildosaurus,917
Kwame Duah V2,4382
Namaste Car,1622
Felicya & Hito Family,473
Tamil Tech - MrTT,3572
ehowbeauty,12771
Pedguin,2145
Nilanjana Dhar,513
SmellyBelly,1986
Jackson O'Doherty Vlogs,51
NollywoodMoviesUpdateTV,18
INDIWORLD ENTERTAINMENT,658
Frogger,541
BAKA NOT NICE,61
Memphis Depay,19
BHQ Label,47
Bugha,913
Moretin,522
TheBackyardScientist,191
The Honest Guys - Meditations - Relaxation,755
GoldieBlox,1641
Nella Rose,209
Taste Show,163
Wolfoo Canada,11
DW हिन्दी,9673
Urso Valen,1120
WorldSBK,6165
Kiingtong,992
HuffPost,4519
Maximilian Dood,8252
carsandwater,268
Abacaba,61
Braille Skateboarding,6230
Mystery Scoop,651
chunkymark,2457
WildBrain Fizz,3800
TeamSamuraiX1,3417
Tausif Khalid,526
OUTTATHISWORLD,180
dakblake,2276
greenlegocats123,1515
CALO,37
Randolph,341
SeeKen,751
KISS,709
Pilps,120
LilBabyVEVO,153
iLuvTrading,1755
huskymudkipz - live,283
oShven,4613
Boeing,835
MKtv Bangla,891
AV Daniel Violin (九哥故事),3574
awesomeairguns,26
The Voice Kids UK,510
Our Beauty Tips,17
First Baptist Dallas,2900
RJ Media Productions,38
CBS Sports Golazo,11269
JamoPak,71
Mukti's Cooking World,756
Best Ever Food Review Show,792
PathoFail,1187
Bhola Shola,4331
Tonde Gamer,3131
Dr. Tube,90
CURIO,328
Coast Cams,695
Priyanka tyagi,1356
DIY Experiments,12
Relax My Dog - Relaxing Music for Dogs,2819
lugeyps3,11742
Taylor Ray,1112
FaZe Rug Live,120
Janice Studies,109
Wolfy Playz,2522
Fredrik Knudsen,41
PointlessHub,41
TheDadLab,853
GHOSTEMANE,67
Jackson Galaxy,1340
More Lachlan,794
COOK WITH FAIZA,1900
Jarvis,809
Foekoe,165
Novak Djokovic,83
MLP songs,86
Dream Stories TV,551
NativeHorse,169
pigmie,1394
Rengoni TV,21110
Architectural Digest India,253
Cusack Creatures,52
JonBellionVEVO,22
Tsar Bucks,0
CashNasty,2500
colo99,507
David Firth,121
Vines best fun,162
All Elite Wrestling,10179
lionheartx10,9204
Max & Occy,95
Mothership,5063
RedLetterMedia,882
VanDeGraph,13
TierZoo,106
RG Entertainment,74
CS Dojo,112
Mike Bell,53
Pinkpantheress,104
TheRcSaylors,2796
Footasylum,1885
Desi Health TV,700
SelectFlix,1262
Kangra Boys,153
Candy Toys,132
John Downer Productions,281
Seonkyoung Longest,847
Hogi! Pinkfong - Learn & Play,1682
The Fish Whisperer,600
DavidParody,952
Dandan Nay Shokeen,1292
123 GO!,1284
MrShah,286
David King,561
foxalbiazul,231
Indonesian Fairy Tales,789
M13,2360
Rehaan Production,11
Darkomode,510
ABS-CBN Lifestyle,1779
Truthunedited,547
Cat Lessons,76
The Jump Off,585
Tom Thum,82
GreatScott!,536
BonBun Films,84
epicsurfingvids,115
GoldfrappTV,48
RapidFireArt,73
Atomic Shrimp,1409
JLaservideo,550
Funformi,226
Jarrod'sTech,1296
Estefannie,28
emmymade,1989
Meet The Vloggers,281
Dash Cam Owners Australia,909
Adam Hamrita,24
Troye Sivan,201
Islam For All,314
blink182VEVO,74
Airliners Live,2211
Christen Dominique,794
Official Gaming Comedy,2109
Loose Motions 99 Music,36
Lorenzo F7,721
VICE Life,247
The Ripe Tomato Farms,768
Go Natural English Lessons,1061
DownieLive,697
Jaka Parker,1025
kINFINITY,30
ALL THE SMOKE,2809
Futbol okiem Pitera,1734
Tabbes,53
BibleProject,487
Telugu Thunder Action,223
BGH Music,286
MARKO,217
Turkish Airlines,945
Neuralink,17
Will McDaniel,150
Chewkz,434
INDIANGIRL BEAUTY BLOGGER TRISHA,839
Wheeler Dealers,819
Sherlina Nym,70
Paul Joseph Watson,1510
Sai Krishna,1
JoBlo Originals,2361
Frog Leap Studios,1021
Peter Finn the Car Doctor,4608
Sous Vide Everything,689
Nalopia,9
Toya Johnson,279
SABRINA LONIS,459
Prime Video AU & NZ,3005
Sultan Sketches,38
MineCraft Awesome Parodys,22
Travel Today,287
The Coca-Cola Co.,118
AlwaysHorseLove,808
AronChupaVEVO,19
iDubbbzTV,316
Mr.Heang Update,25
NathanEvanss,418
THE BIG LEZ SHOW OFFICIAL,86
REBOUND Football,51
JomezPro,2682
THE FIRST TAKE,1465
Royalty Gaming,176
JustinGuitar,1246
Real CJ,22
DIY Ocean,46
Supercars,4599
Kokku Entertainment,18
BROTHERS OFFICIAL,18
Neymar Jr,453
Baba Dream Studio,22
Akaal Channel,36021
Q-dance Music,704
Saregama Hum Bhojpuri,2400
FamilyGamerTV,2070
The Hungry Syrian Wanderer,736
Jbunzie,124
little harmony,197
This Old House,3045
878 Dream Team,41
Lethamyr,2629
bigstackD Casting,564
Gültekin Ailesi,9869
RAKA,32
PianoChatImprov,19
All Things Adrienne,232
ALYSSA FOREVER,22
SunlessKhan,396
Fermilab,494
Osmosis from Elsevier,1247
Freddy,1280
WWF International,714
Silk,359
S1R,135
The Herberts,930
DubStepZz,1938
Meg Crafters,219
Jimmy Kimmel Live,7577
Jjust Music,365
TgirlQueensland,183
Clayfully Cute,94
Alexander Mamaychuk,693
NAYVA,67
Ken Block,230
Sambucha,3454
courtneybarnett,74
theweeklyslap,69
Gaming Tamizhan,2174
Guillaume,60
Irene Rudnyk,428
FLAIR,2071
joycy,245
Jadh,40
Vivek Talk,825
TheOldrecordclub,639
Corey Tonge,1098
Place For Mantras,153
EagleTek,74
Sahil joshi Vlogs,230
Physics Videos by Eugene Khutoryansky,190
胡慧冲遊泰國,4840
Pro Kabaddi,6722
FLuffeeTalks,2118
WaysAndHow,1738
JKrew Fam,1946
DareX,645
THNKR,341
BlazeTV,14747
MANILA GREY,175
TheGamingLemon,705
Marty's Matchbox Makeovers,232
Cakes & Eclairs,1575
ElderFox Documentaries,167
Shemaroo Comedy,6262
deathmule,7904
Sharma Sisters,785
Alicia Moffet,154
SBS TV동물농장x애니멀봐,6378
HappyConsoleGamer,1344
SearchlightPictures,2494
Andertons Music Co,4555
The Anime Man,1584
Storyful News & Weather,44110
Nissan USA,1200
The CNSR,243
Veritasium en español,229
One Media Entertainments,1256
BigGreenTV,350
TommyT999,2628
Vivziepop,337
Volpin Props,62
Nick Fry,156
KAYCEE WONDERLAND,186
Quran Aur Hadees,228
Ra'is,32
Nonstop Dan,713
Teala,299
Capital TV,104530
PSA Sitch,97
OFFICIALLY GASSED - OG,809
Inanna Sarkis,80
ANN STORIES,149
Jingletoons Marathi,104
Random.,42
ChrisFix,398
jmancurly Reacts,132
Next9TvNews सीरियल अपडेट,129285
KarQ,354
DannyAaronsRTG,2440
Airsoft CamMan,512
MR. ILLUSTRATED,384
Pingy,847
SurvivorVEVO,22
SG Sports TV,4904
1Up Gaming,332
metfan4l,1120
cutepolish,875
GEVidsTV,16
"Life, Living & Nature",493
Little Talks,39066
Slimecicle,314
Filaretiki,5276
SullyPwnz,2520
FullHDvideos4me,877
WOA Doll Crafts,17
S3RL,209
GLITCH,183
Pants are Dragon,5103
Benny's Custom Works,446
NN Play Town,64
Bobby Moore Facts,1875
The Punjab TV,11985
GeorgeWasFound,17
Prem Dhillon,103
Arcade Chick,816
Norris Nuts Cooking,131
URDU CENTER PLUS,697
AWESMR pop,1788
WhistlinDiesel,299
British Heart Foundation,1098
Redfoo,124
Goldmines Action Heroes,2568
ARIA,1651
Ring,2232
Hagen Toons,46
Cancer Research UK,803
Emirichu,115
Sandeep Maheshwari,653
SaveTheChildren,273
Aysha Siddika,789
OPPO India,543
Punch Plan,1169
Dimension Pictures,585
Petrolicious,579
CRUX,32963
dulevoz,234
We Love Animals,1501
HAMSTERS SHOW,579
Blue Flash,35
Brodie Smith,543
The Domestic Geek,819
Viva Frei,4848
Chris Rogers,125
San Diego Zoo Safari Park,370
Russell Howard,1340
Trek Trendy,220
Cotton Candy,60
Masti TV,11
MasterJi,586
NEFFEX,513
Coffeehouse Crime,327
AdamC3046,2559
Amina Hussain,1206
ZybakTV,3605
Cultaholic Wrestling,8895
Aamir Voice City,4
Fliqa,33
officialTUNA,12
Marina Joyce,354
Ranjit Bawa Music,310
ALTER,1024
KidsChannel TVkids,612
Perk Jai,41
MM Originals,75
merrelltwins,1173
PraveenMohan,991
Vat19 Product Demos,1068
CloudKid,3146
Patrizia 1111,3928
Stadium Astro,11231
Sonam Prajapati team,3348
Jass Bajwa,119
Make Anything,448
Auto Addiction,1112
Soon Films 순필름,1193
THE KITO FAMILY,655
Squawk rahulraj,452
Mystery Hunt,46
BOL Network,76710
Emojis,6
Insider Art,899
Mai Pham,784
JeNeevaLove,197
Learn Spanish World,1330
top3 world,2616
The Futur,2177
AApV - Vids For Kids,476
Kyle Hill,430
KIANUSH,27
RJ Raunac,730
denniscallan,1464
settime2588,5352
Chica,735
limpbizkit,15
Red Bull Motorsports,2210
BeingU Studios,39
Cubehamster,393
LIV Kids,114
Andit Okbay,15
Nischay records,1
Khalid 10,44
ChadWithaJ,366
The School of Life,1102
WORKOUT,1055
McDonaldsMalaysia,2173
Mohammed Zakaria,22
WB Kids,2631
Lehren Retro,7486
East India Comedy,133
Motor Explorer,447
Tom,22
Gorilla Productions,24
Soulja Boy,874
Simply Nailogical,487
Club Champion,1800
The Mix,1521
InquisitorMaster,2558
EXPLORER,2316
Mei Yu,1194
United Nations,19574
Apalapse,47
Serie A,31667
Do It On A Dime,1174
Keith Sweat,23
BeamNG-FUN,1301
NeverEnoughEpicAMVs3,1736
Wrestlelamia,4779
Kapil Sharma,483
Noah Cyrus,53
Apni Bhakti,164
IBC24,283541
Life is Awesome Civil Engineering Plans,5468
Zee Music South,2607
World Food Programme,1026
Gardening Australia,1098
Bon Jovi,388
Chloé Hayden,363
iHasCupquake,4737
StevieVlogs,22
Donkey BAR BAR,1690
WW2HistoryHunter,815
Sarker Media,213
VICE Sports,649
LilyTrescot MSP,416
Salman Khan,45
BLA BLA,523
Renofandub,495
WholeWheatPete,1126
SG Road Vigilante,13337
ILKACASE LYRICS,827
Harshit Soni,48
The RawKnee Show,208
Misty Chronexia,593
Tayler Holder,149
Q1Q2 Movie Channel Official 圈影圈外官方电影频道,398
HISTORY,11075
Exotic Rubber,554
Mike Rashid,1766
CarlBarronVideos,136
NabilGamingTV,1870
MTL Cliff,285
Brooklyn and Bailey,1342
LacrimMusicVEVO,57
Roxxsaurus,1076
Asian Boss,1841
CreativeIdeas,34
Brick Technology,38
Burcol,3516
Quartelz,8
Nigel Sylvester Live,49
UEFA,6901
Growth Tribe,317
Shekinah. fm,6357
Where the Hell is Matt?,60
채널 NCT MUSIC,29
Rare Earth,233
Sun Bangla,47410
5-Minute Crafts VS,4132
BackpackingSimon,686
JerushaCouture,1097
CrashBoomPunk,1999
Mika Salamanca,116
WheresMyChallenge,242
Funny Dog Bailey,697
Ali Abdaal,1199
Pen Action,2550
ProZD,2190
Stranger Stories,590
Unexampled Inderaj,87
ABC7 News Bay Area,21058
Zach King Compilations,576
Dr. Rahim Gonstead Chiropractor,1431
BlackstreetVEVO,10
Dangoheart Animation,62
Shyhrete Behluli,140
Good Morning Britain,13936
Unlock Your Life,269
FF Balvant Gaming,960
BeyoncéVEVO,196
Ayundaru,298
Kris Temmerman,30
Anabella Show,986
Forbes Breaking News,144610
Top5Dude,843
Royal Music Gang,408
Zombies Gameplay,6746
123 GO! HACKS,2192
ICC,4836
Om Nom Stories,2520
aero.,2402
Trend World,147
Amazon MX Player,19362
Carry Depie,443
Kayla Kosuga,269
Sadia Entertainment,1165
TIAKOLA,61
Gaurav Gupta,60
TheAuraGuardian,213
BigBaileyBear,164
Amy North,175
SHORTOFANS,1051
Fearless Man FF,1225
Mongraal,1364
EscapeTracks,1840
Babili GamePlay,114
Londolozi Game Reserve,1811
foodies aao,1629
Boxoffice Movie Scenes,7421
dougmar,482
Peppers TV,19436
hirudov,27492
DIY Candle,1897
KaraFun Karaoke,9327
MMProductions,15
J Hus,66
Hero Movies 2025,2319
Sethical,162
Manorama Music Songs,5284
MLive,45621
Katie Cung,183
ML TOV,15
AshStudio7,150
Mustard,57
Esoterickk,5517
MAKAVELI*MOTIVATION,683
David Dobrik Too,134
Greatest Clips,165
True Crime Fix,439
Bollywood pe Charcha,8073
CatsVSDog,93
Ellbat,101
Bollywood Classics,2335
PlayCow,104
mahalodotcom,14031
Sparks Motors,640
B/R Football,3078
The Fighter and The Kid,2485
LavenderTowne,479
DetroitBORG,755
BBC Music,6608
Captain Entertainment Co,0
Scott Yu-Jan,64
Motion Station,30726
Tim & Chia Vlogs,1260
Brave Wilderness Life,16
TobyDog 7Jh,1462
KGF! Gaming and More!,1283
AK 33,45
Liam Payne Official,58
MovieboxMovies,932
RAVEN ELYSE,1241
CinemaWins,398
muzicclout,97
MATTY MATHESON,660
LollywoodClassics,4387
美波,14
PythonGB,3259
Big Sean,240
rechyyy,2120
Zeinab Harake,369
Joma Tech,89
Lady Hawk,11725
Moral Stories in Hindi,354
Moon Cds Corner,995
metaRising,25
Lil Wayne,320
Star ANONYMOUS,1390
Scrubzah,2074
Top 10s,1461
HALIDONMUSIC,2429
NOT YOUR TYPE,60
YoungMoneyVEVO,6
Spread The Islam,354
Shaun Reynolds,123
Mini Gear,540
Periodic Videos,737
CakesByChoppA,264
AzadMedia,59
Blarg,829
FlyingKitty,244
VoskCoin,2484
emojitown,443
Enterr10 Rangeela,8125
Richard Dawkins Foundation for Reason & Science,288
Childish,24
Underground Reptiles,1040
Theo Thomas,27
Screen Culture,552
grav3yardgirl,1966
Bigtime - Free Movies,761
KhrazeGaming,2297
Kch Multimedia Naat,5615
Desi Banks,729
Crystal,227
TheXclusiveAce,4458
ThePoliceVEVO,26
Bladed Angel,470
BleepinJeep,1399
FimoKawaiiEmotions,139
African Diaspora News Channel,12727
FaceCulture,14759
Central Cee,80
STUDIO CHOOM [스튜디오 춤],3808
Ahsante the Artist,98
ilsa,65
Mr.TVCow,24
TellyChakkar,70922
ZeldaMaster,2319
Tom MacDonald,755
Excision,266
ThePussycatDollsVEVO,36
Satyajeet Jena Official,220
Real G Music,5
8-BitRyan,2953
Tame Impala,39
Kod,1522
Nefertiti ASMR,194
Ong Squad,821
Live Speedy,1820
Marion's Kitchen,1186
Shaaanxo,1899
dermTVdotcom,568
tribbleofdoom,88
Cloudy Network,69
CatPusic Team,313
OMGFactsOfficial,95
Charlie Chaplin,762
Illumination,501
MIT OpenCourseWare,7712
SteveKardynal,93
Ruler,381
Shemaroo TV,14300
ScereBro PSNU,4405
Deborah Dworshipper,73
OneTopic,945
Alex Prout,558
THE PREMIER PADMINII,50
ClementJ64,131
SHIROSUKI World,2144
GoldminesAction,2440
ChilledChaosGAME,1917
Joshy,322
Corrupted,1831
speedoru,34
Oriental Star Agencies Ltd,1875
Wam India Movie Talkies,333
udiprod,34
yoyomax12 - the diet free zone,1360
AbudTV,99
Aditya Music Tamil,1536
John Legend,267
via Blocks,52
cocktail VP,19
Pawan Singh Official,147
LazarLazar,69
HERO Toniket,440
Best Learning Videos for Little Ones,22
BeautifulBrwnBabyDol,1013
AllAboutBants,355
Rick Beato,1980
COD Zombies HQ,664
Travis Cormier,93
Dancefit Live,339
Professor Dave Explains,1844
KYRSP33DY,8928
Feliks Zemdegs,636
JaWoodle,3669
Keith57000,24
XDJames,62
NewsClickin,11173
Bắp Bắp Channels,77
जीवन का मूल मंत्र,132
RANGERS COOKING SHOW,1278
Master Chef,71
Xavier HUBERT-BRIERRE,185
Soccer Reviews For You,4696
Grumbae,579
Rich Ferguson,669
CodeWithHarry,2463
Dan D,1779
AnimeUproar,1653
Home RenoVision DIY,1025
Now You See It,96
Joe Allam,349
Official髭男dism,173
BEATBOX BATTLE®,1744
Javed Chaudhry,2155
Shyam Rangeela,140
MercaderGaming,801
mohammadzafar,710
Haider Tv,1230
T-Series Health And Fitness,866
Tommy's Puppet Lab,646
Indian Jugad Tech,3576
Taylor Red TV,9224
Shehnaaz Gill,128
mongchilde,21
Raftaar,125
Fentom,0
ProKtorr,380
HyundaiWorldwide,1230
Jitu Revolutionary Farmer,1165
AngryJoeShow,3987
Bumfris,212
Emma Louise,96
Lou Bliss,46
Devin Caherly,1115
Stern DuTube,1013
EasyPiano,1212
LMA Couple Vlog,516
Voice Chat Podcast,89
Satrumun,6354
ProBoii,91
British Pathé,105829
The Experiment TV,472
TheBlueJerome,28
Be YouNick,299
Sajeer Koppam Official,72
Carl Crusher,1337
CBC,8179
Priya Malik,1010
Daily Bald,36
WrestlingNewsNow,1423
TechSmartt,679
Janick,290
Thomas In Action,376
Banana Cartoon 3D Nursery Rhymes Baby & Kids Songs,3140
Sprouts,220
Dinosaurs,47
nptelhrd,21129
The Other Side,1367
TUBE LIGHT,313
ghandifilms,18
NightHawkInLight,409
World of Clash,1155
Prothom Alo,33381
swampsniper,493
Redskull,1740
Slikhaar TV - Mens hair,1054
DokaRyan,864
Keith Warren Hunting,2122
Heritage Elevators,3020
ChetChat,1127
FG,416
Tottenham Hotspur,7873
Abby Pollock,389
Buddhist Society of Western Australia,3260
The Inside Line,1954
LispyJimmy,2592
David Vujanic,38
TheHUB,399
Lucy Edwards,1268
Desi Nuskhe,564
Guitar Pilgrim,331
Animal Adventure Park,2578
Ur IndianConsumer,577
Still Watching Netflix,10091
Glam&Gore,306
arzan1980,5022
Hetal's Art,4688
MILA VICTORIA,74
Dubai RC Adventures,1513
Tesla,475
OfficialNerdCubed,3429
Trevor Noah,194
Jamflix Entertainment,32
armxndo,431
3Blue1Brown,220
GOIS,35
Defunctland,161
Chill City,639
In The Loop,3312
armoredvehicles,53
Rajeev Raja,41
Lanka YouTuber,21
Subas Entertainment Pvt. Ltd.,23
Tyrannicon,4040
Mr Creative,55
AlessoOfficialVEVO,21
Emmanuel N Phillip Hudson,223
Warface: Clutch,457
Crayola,1543
Rachel Aust,307
Cleo and Cuquin in English - Nursery Rhymes,1745
Quasar ►,58
Animation Time,914
FLAGRANT,549
Eddy Burback,86
Pakau TV channel,144
ABC Hindi - Acche Bache Channel,1644
Sky Sports Football,4515
Numberphile,778
BABES by Muscle Madness,11
Jack Maynard,177
CNBC Television,147406
Jomy Production,448
CaspianReport,538
TheMatthiasRiots,94
TigerTomato,359
Times Infinity,98
Cash Nasty Live,827
MELOO,1489
AnwarTube,111
RepresentUs,518
Mahir Origami,47
I Hate Everything,285
Secret Base,4022
iPodmail,1248
BondiRescue,1490
mark dohner,666
ithemepark,1966
Demariki,3941
BudgetHobby,73
The Andrew Schulz,787
Omar Esa,314
ImFromDriftwood,1189
Edgar Muenala,104
SteveGreeneComedy,343
Alex Chacon,490
Adult Swim,8446
Cartoon Hangover,714
Mani Meraj Vines,64
Barstool Outdoors,941
Yo Soy GamerBroz,47
Actually Surprising,31
Gyan Manthan,2258
Hasley India,226
Ranboo,30
The Neighbourhood,28
2 Danny 2 Furious,92
Mr. Kate,833
The Hoof GP,876
G21 Digital,60
Pushkar Raj Thakur: Stock Market Educator 📈,2104
Fyroah,32
Princess Bánh Bao,318
Zeru Desu (ゼル),64
Fox Family - Official Channel,855
Beautycanbraid,511
Stand-up Maths,301
globalvideopro1,958
Falcon Aviation Channel,496
Rinske Douna,554
PlayStationGrenade,950
Multi Electric,576
SIZZULIKI,5579
Learn English | Let's Talk - Free English Lessons,3045
DigDat,4
Tom's Roundabout Crew,74
BHARTI TV,1992
Dr Jayapaul,10802
Alex Leonidas,1350
Vaid kumar ke gharelu nuskhe,1255
MobileReviewsEh,1513
Sips,3667
SoCal Theme Parks 360,498
Shrimad Home Remedies,9656
Hiren Amin Vlogs,1387
SACCONEJOLYs,2847
Steve Owens,1900
BTM Farming,36
Jammidodger,1259
BamBam,4
Business Insider,7422
SCHOOL OF FLOW,3
BBC Studios,5448
Sri Balaji Music,1258
Elevation Worship,1144
Tech 4 Malayalam,150
CloudCity,389
Hi-5 World,1355
Ricardo Gardener,2516
Ross Bugden,83
B20baOfficiel,179
Mikhandmaker,21
Alex Spider [スパイダー],808
CROWNED,424
MR PET FAMILY,367
PUBG MOBILE,4127
99d,214
Chuns Chuns,164
Shinzu Music,709
KinoCheck.com,7895
The Jagriti Khurana Shorts,456
Brian Tracy,1373
Bass Boost Everything,2782
Pagey,2866
Apni Dhun,162
FUNG BROS.,2261
Manju Poudel,130
Troom Troom Kr,3102
MNOGO TEHNIKI,142
Houston Crosta,557
jimmydiresta,865
Jack Vale,1891
Devgn Films,778
Mobile Strike,43
4K Relaxation Channel,1452
Cinematic Me,758
GoTraveler,708
Black Sheep,2168
HyperJack,74
Hilton,887
Flea,410
Movie Records,14
Troydan,1767
julien 2,1146
CoinCu,1337
SHORT TIME SECRET,928
Jackie Aina,1084
Patriot Campers,259
SteveEarleVEVO,10
Gajendra Verma,181
chefkoudy,1568
Airrack,267
Iron Pineapple,155
AmazingFacts,661
ChessBase India,16805
Sumit Anand,17
Taylor Nicole Dean,179
AgroMan Group,271
Machines Work,84
World Chase Tag,589
Les' Copaque Production,2516
Nash Grier,188
Mesum Abbas,158
AATMA Music Haryanvi,25
Sam O'Nella Academy,64
K-TRAP,146
Tom Baumruk,391
D Block Europe TV,155
Canadiens de Montréal,4757
KickFlix,67
Super Hero Videos lozaus2,12
Beyoncé,266
FuzionDroid,1973
Trakin Shorts,1010
BBC Newsnight,3513
Kane Pixels,49
UNESCO,10546
FaZe Replays,3063
4K Gaming,1461
Matt D'Avella,461
Branzy,173
Hajime,327
ieraHDTV,30
7gospeltracks,163
high5toons,38
Jesse Drent,313
Hanby Clips,1304
Animation Domination High Def,254
Woofless,597
Evan Shanks,1506
ThatDudeinBlue,1828
Behemeth,1596
Dr.Wily,908
No 1 Gramin TV,609
Self Repair GURUji,1039
Copy Cat Channel,163
shane,573
zegast,36
The Military Show,1772
Rosie McClelland,1449
Anaysa,711
Learn English Conversation,73
WinxClubPowers,84
Tasty Plus,479
Nav Haryanvi,1087
ChannelFrederator,1705
Alexa Real,882
News Hour India,3368
Evelyn Gonzalez,499
Davidsbeenhere,3903
Vinish FF,419
YourownMusic,95
Taj Tracks,931
AGS Entertainment,954
trnds,78
Kayla Itsines,100
Pinky and Panda Toys TV,232
Jack Doherty,2104
Coffee Break,43
MOVIE DHAMAKA,4
Khmer Fairy Tales,381
ItsATrap (Forever),529
Parkour Twins,82
aboywithwok,39
Dutch NFS Gaming,7
Kristino Olsen,2483
KaiiZoFilms,10
HerbalToons,145
AwesomeFaceProd,1767
Naty TubeFun,294
statesidesupercars,2191
Ser Winter,1447
Mimine Miniature 미미네 미니어처,188
Teen-Z House,254
Vidol TV,31032
beIN SPORTS USA,14166
CliveNBAParody,2508
Human Rights Campaign,2318
RaulD33,2570
Onbit Kids - Nursery Rhymes and Kids Songs,150
Eamon & Bec,415
ZHONG.TV,1684
Google Cloud Tech,1875
WigglePop,182
BENZ,3153
adrianisen,9027
Ooredoo Qatar,1304
CBC Sports,13964
By Post,396
Skech Art,613
TooBizz,49
No Life Shaq,2929
Traditional Food Home,222
Tyler Csatari,428
Made by Google,878
SabiSabiReserve,1120
Young Stunners,49
The Onion,2232
Imagine Dragons - Topic,1547
John Roa,46
जोश Talks,2105
Stop Motion Animation,7
Monkey Music,66
James Marriott,212
Inspired by Iceland,232
Wild Africa Adventure Films,187
Artisticookie,31
OmarGoshTV,910
JackSucksAtLife,1989
MACMACS,638
ErmmTV2,74
ThrasherMagazine,7436
Islamic Hub Official,2269
The Producer School,367
Coults,40
UnseeableNinja,1635
Dingo Doodles,164
Serenity17,274
Animal Theatre,26
VanessaCarltonVEVO,15
LethalNeedle,880
krystalized,185
Echo Entertainment,133
James Bruton,777
GOODWILL ENTERTAINMENTS,1356
KRAV MAGA TRAINING,217
MrCrainer,5807
Senpai Kush,12
Football Boots,1906
Independent Television,183020
youtwoTV,692
Wow Toons English,1167
Dane and Stacey,891
Ruby Granger,870
German Football,1347
Cassandra Bankson,2466
JLovesMac1,639
Norme,539
Preschool Popstars - Kids Songs,10
Ride On Cars Unlimited,608
B4U Movies,1018
Matador Network,1983
Goibibo,165
ILoveBasketballTV,1132
Impulse,53
Vo-Gus Prospecting,1114
Sukhdev Taneja,5563
LowLevelNoob,63
Swadesh Entertainment,181
Simply Fun Stuff,71
FIA World Rally Championship,6068
JAY1,24
Canadian Space Agency,630
HopeScope,514
Bethany G,766
LivingLifeFast,751
Defense Updates,2262
Miko Worldwide,478
Rahasya Talk Show,922
RSMSA,977
Kalaippuli S Thanu,397
funniflix,477
mgmvod,32
Zebra Corner (ZebraCorner),71
Slogo,7098
JFW - Just for Women,1826
BrianZuk,1607
GiNa FamilyShow,24
Drumelia Real Estate,369
Mr Neel Raithatha aka The Wax Whisperer,1648
Don Pruthvi,620
REEL ROCK,71
Huma in the kitchen,910
Hila Klein,181
Live Action,2119
Filmbilder & Friends,246
cwx37,176
Tina Yong,953
CONTINUE FOCUS,1359
Red Pix 24x7,22003
Lauren Babic,251
Professor Live,745
Be Yourself Music,2641
FastFoodToyReviews,1713
POP SMOKE,81
Speedracer38,512
The Critical Drinker,617
Tool_Tips,6898
Alkaline Music,40
Tiger Funnies,358
KINGDOM HEARTS,75
Ubqari,8780
theMeatly,34
INSERT COIN,205
VIP Records,642
Brodie That Dood,831
Gercollector,425
Tom Pemberton Farm Life,978
HotDiecast Garage,856
Rudys Adventure and Design,154
Kingfisher Packaged Drinking Water,904
Missjasleenarora,646
Dr Karan,1500
SuperSaf,1304
AROVCars,658
DE JuN,1176
Josh Sidhu,36
Mike Korzemba,484
Vivid Films India,39
ALL IN 1,351
Behzinga,872
OTLX,37
Jonathan Pie,321
Professor Messer,3211
Next9Political Byte,76019
The X Factor India,310
JK Bros,3124
DanyStyle,298
API Malayalam Movies,22815
AR News India,5760
WanaleeHunter,365
My Simple Remedies,415
OfficialGrido,18
Mar ♥,1322
Earth Hour,666
WINNI,1202
WishCasting,231
Disney Parks,2124
SoKrispyMedia,80
iamsega,231
Animal Wire,135
camelsandfriends,558
This Esme,1656
TVOkids Paw Patrol,106
Star Arts,125
shravani's kitchen,1826
COSTA YT,173
Top 5 Unknowns,1822
OFF PLANET FILMS,282
Los Angeles Times,18322
MikePosnerVEVO,88
Tyrone Magnus,13938
3DoorsDownVEVO,36
Viva Reverie,382
Star Sports,28285
Tangerine Travels,547
Freewayjim,595
Super Why - WildBrain,1139
Sea Shepherd,904
Brianna Mizura,1746
ONE OK ROCK,476
speechme9349,10
LittleGlove,2644
HardstyleUp2Datez [HU2Dz],1910
ZIP TIES N BIAS PLIES,150
Michael Patrick Kelly,139
FiveZero Safaris,244
FaZe Adapt,1501
Rithvin20,2166
Spain Revealed,282
Magicbus,2186
Food Network UK,1404
South Ka Double Tadka,1
Lucky Maker,831
Sai Recordds Digital,4333
Chimkandi,547
Palli Gram TV,506
The World Movies,7
Chahat Anand,1292
Onrust!,30
Karan Randhawa,6
Around The World 4K,88
Tri-Joken,7
Nas,107
bellamoonnature,161
Crayons Nursery Rhymes - Cartoons Videos for Kids,720
UNDACAVA,51
SiccasGuitars,2777
Keren Swan,77
Dylan & Vincent,250
Hindi Tutorials,2294
KSIClips,8942
Mafia Jovem,332
SamSpedy,378
Kalaignar TV News,59072
Chill Beats Music,867
Paging Mr. Morrow,1078
KEYA'S,188
Yum Yum India,2592
Dmh Music&Media,1738
One World One Ride,325
Automann-TV,1468
ENXGMA,331
AnneSoshi,293
Chanakyaa,79174
borninparis,108
ScottDW,78
La La Life,887
Chubbyemu,377
Woodworking TV,36
Ambition Strikes,401
Secular Talk,22500
Dan Allen Gaming,3363
VitalyzdTv,200
linguamarina,466
Yuri Ostr,1653
ToyTubeTV,30
American Veterans Center,3010
Savage Rechords,24
DRJ Records Zest,1476
Mumbiker Nikhil,2908
Aman Dhattarwal,568
Bhakti Video,103
Uncharted Travel,91
swiftor,6369
Nek'e Drama,96
The Wrench,415
FRONTLINE PBS | Official,1173
Isha Foundation,1764
Backhoe TV,1448
Jessi,101
Obama Foundation,609
Epic Gardening,731
小乌副频道,161
Corpse2,14
Clouds,16
Sidewalk Cops,30
BEST VINES,55
Valiant,2575
Evan Carmichael,8186
FredsVoice ASMR,817
TechCrunch,10071
Jorgenfrombelgium,30
Tessa Brooks,205
mihaifrancu,132
Kamp Kenan,1644
Dashboard,667
NepentheZ,8044
Sarty Chaud,34
MineCZ,497
Sunrise,26601
customspraymods,223
Techquickie,1269
Wengie's Make Life Beautiful,132
Cylindr CZ,95
Gang Of Heroes,23
Alec Benjamin,360
The Pet Collective,9860
pwnisher,242
Paul Cuffaro,1234
Alex Outhwaite,224
Tamil Health and Beauty,2025
Kylie Cosmetics,20
VIVA,68
KevinGohD,2419
SSDN Dubbed Movies,1
Animated PixArt,702
BeautyExperts,420
Building Skill,143
Kambi Rajpuria,52
Lana LeStrange,38
petraaarkaaaa1,12
Melbourne Beats,1018
JohnVarty,119
The Sea Lad,128
Apple India,25
위드키즈 토이즈 [With Kids Toys],977
Canal Cahcildis,6046
luke wale,134
LifesAGlitchTV,3647
Namski,48
Francy Artist,20
Gumbino,602
Triple M,5435
ExtremeCostumes,59
Our Stories,838
Microsoft 365,1929
Talking Animals,48
Vogue Australia,722
Matthew Espinosa,95
Curious Droid,262
Dolly and Friends - Indian,1165
Treyten,319
Stresmen,3141
Rational Animations,64
ABP Ganga,226472
Man And Beast,45
SuperBeats,549
IFHT Films,99
NinjaCharlieT,42
Modest Pelican,432
Talk Heathen,3162
James Morrison,207
E;R,126
Ahoy,304
This Place,29
Vichitra 4u,1354
Rahul Dua,220
Snooker Planet,118
Much Adventure,251
The Armchair Historian,301
XtremeGamez,327
CATHUB,44
pradeep potli wala,60
Alex Centomo,612
SkyDiverge,216
FK7,14
Bella Little Lullabies,0
Nick DiGiovanni,448
Khushi Entertainment Nepal,44
Sabine Hossenfelder,981
GREAT Love,241
SUMMERNATS,834
Filipino Vines Originals,2169
Headlines India,16222
DY365,44596
RandomBlackGamer,1184
MTV,5333
Earth Uncut TV,514
Its Roman khan,1508
RemarkR,1722
Krissy Cela,616
NLE CHOPPA,1307
Incredibles !,158
ABS-CBN Sports,25903
My Little Pony - Official Channel,4629
A.L.A,60
Oscar Boyson,23
Triforcefilms,1257
Queuvisom,21
Adult Swim Europe,3368
World of Vegan,797
AreYouKiddingTV,692
Full Entertainment 4 U,572
Tim Tense,222
Reaction Time,1755
SixPackAbs.com,695
MissJane777,101
Foodie Incarnate,1265
Ben Phillips,877
OPM Love Songs,42
Moonbug Kids - Lullabies For Babies,1807
High Tech Corvette,1119
Chanux Academy,22
ANI News,105301
iCrazyTeddy,2192
Venom Trickshots,1400
GANGSTER CITY,865
Avocado Couple Live,1076
Proko,1113
SPEED RECORDS BHOJPURI,3696
Sunny Lenarduzzi,530
Switzerland,833
POPPY,14
The Halluci Nation,156
EARTH PLANET,191
Ras Kitchen,841
ProHighlights,622
LBC,13174
Bollywood Spy,82949
Luke TheNotable,594
The Hill,39613
videogames,1495
Vibes Forever,352
mtaOnline1,12350
The Bentist,1623
Thomas Game Docs,189
kar98 Army,1005
GANGSTER GANG,308
Sipover,46
House & Home,1278
Julien Miquel,58420
Andy Front,65
My Disney Toys Tv,166
Lion Family English,696
VOOVI,78
FanCode,13168
Shudh Desi Endings,289
Harrison Nevel,846
Hooked On Brooke,146
LoverFella,2610
MLG Highlights,3903
Fun Army,51
ELpeluca XD,1875
Universal Orlando Resort,1138
Experience Egypt,583
Loud Speaker,5707
Shoi Boys,35
Junior Squad - Nursery Rhymes & Kids Songs,961
Ollie Ritchie (ritchieollie),35
Harry Hesketh,655
Salmon ThePutimaas,55
Jagriti Khurana Life,350
smoothiethecat,159
OMH News,11450
shgurr_,70
Colin and Samir,464
BrentTV,986
Godzu,4151
Kyliann22Second,121
PREET BANDRE,76
BiBiPam Tv,98
Frringo HD,143
Shelby Church,601
Degrassi - The Official Channel,1514
Sabrina Koun,0
Molly Burke,1393
nKuch,894
Chasing Cars,1766
DomesticMango,507
Story Batao. com,46
Niko Omilana,146
CASAR,32
JeromeASF,12179
MosierWorks,1448
Deadly True Crime,621
Zee 24 Taas,438330
Alpha & Omega Ministries,1294
Howdytoons,218
cricket.com.au,13124
WillNE,317
Turnin Rust,78
MBC global,53
American Tech,946
sjanaelise,315
Toy Trains 4u,4103
ShortCircuit,1092
rSlash,2439
Piper Rockelle,817
Netflix K-Content,4276
ElectroBOOM,358
PSquareVEVO,22
TheRUB,103
The Villa Family,96
CarWarz,14137
Round2hell Vlog,54
Meet Kevin,5824
Brad Mondo,928
DIY Useful Ideas,33
Sonotek Digital,1934
TechZone,1279
Action Movies Digiplex,564
Kuti Bari,1234
Woodsman,10
Prettyboyfredo,370
DaveHax,750
Capital Bra,118
Subaru,1057
Trucker Josh VLOGS,3994
Happy Dog And Friends,25
DBeatsMusicWorld,1247
MGH,4205
Harsh gujral,39
AstroKobi,763
Stab: We like to surf,1718
SNAK THE RIPPER,148
Rod Stewart,148
DU Group,67
Shree International,113
WORLD ORDER,35
Professional Darts Corporation,4855
Cj Dachamp,73
Vanwives,269
Jubilee,1544
Mike Supercars TopSpeed (Supercars Miami),4285
KLT,867
The Perkins,62
Freddy My Love,592
7mlc,849
Come And Play,294
The Center for Investigative Reporting,185
꼬부기아빠 My Pet Diary,783
SimpleCookingChannel,1089
Aisha Christa,73
Ayo & Teo,358
Super Senya,484
King Von,106
Muffin Songs,862
Melanie Tonia Evans,765
Seatin Man of Legends,4571
Too Much Facts,782
SPORTSNET,55432
ezuworld,94
"Moonbug Kids - Cars, Trucks and Vehicles",1900
Blackman Da Traveller,882
BrysonTillerVEVO,101
Kazooie94,1311
BUDI01 GAMING,483
Sinan Hoxha,15
IMPERIA,333
Being Suku,599
Tyga,274
Back 2 Basics Adventures,329
yourchonny,186
Chef Majk,511
RachtaZ,1435
INSTARDING MOTIVATION,40
Pocoyo English - Official Channel,1902
Bharatiya Janata Party,49248
Fkj,64
Clay Adventure 클레이 모험,2555
MiAndMore,62
Times Radio,17858
Royal Australian Air Force,1479
DeshGujaratHD,6688
Sanam,149
Cadillac,317
Treehouse Direct,2828
WD Wellness,0
Darcy Ahrns,105
Smooth McGroove,307
Matt,34
Eagle Premier Station,2307
Wowowin,6221
SEAN LONG,4524
Rumoaohepta7,532
VocaVoca - Kids Songs & Nursery Rhymes,854
Stylebase Studios,17
Shaluzlovebook Kitchen.,2218
E BULL JET,1279
The World's Strongest Man,1522
kipkay,469
RobinGaming,1054
French The Kid,65
Scott Cawthon,28
Foo the Flowerhorn,125
ＴＲＡＳＨ 新 ドラゴン,2553
Joseph Anderson,68
Apple Support,323
Tasha Cobbs Leonard,90
YBS Youngbloods,445
Jump Cuts,144
Household Hacker,489
J1MZO7,837
Khan Bhaini,65
Teaching Tech,576
Chennai Super Kings,2289
study for civil services,18531
Pipe Guy,35
Blockbuster Movies,2359
SomeGoodNews,15
Discovery Australia,1394
Jens95,4494
Highlight Heaven,5484
Jordan Lipscombe,363
WEAREX,339
Stubborn Facts,316
Dave Movies,135
Groove Bassment,1259
Garbage Time,127
Bonnie Corban SFX,89
Iraqveteran8888,2332
TrendMusic,2760
My Pale Skin,203
TST APP,419
YesLaughYes,1
Guddu Bhaiya,211
Not Just Bikes,131
Máy đánh bài bịp mới nhất,2885
BuzzFeedViolet,479
DOCUMENTARY TUBE,117
Master_Sergeich,804
Art of Creation,214
Learn English with Rebecca · engVid,344
Zara Larsson,166
Scady,10
Mark Tuan,82
Life Noggin,749
Mayank Singh Rajawat,15
Tavarish,580
Hey Nadine,899
Nailea Devora,40
John-Marc van Wyk,722
Pooja Entertainment,705
GTA5Videos,939
Johnny Harris,487
Ky Baldwin,587
Woody Wonder,79
Bratu Art,122
Car News Central,114
High Dreams,14
MIXTAPE MASTER,0
Lokmat Filmy,19974
Jayllnn,491
Smile family's,3246
Raham TV,10732
Obsessed Garage,3231
Kat,427
Terry He 何天宇,37
whitewing681,2202
Azealia Banks,11
B K Samant,26
Ultra Class Family,975
Jeremy Lynch,1133
Melt,359
Danny MacAskill,66
Christian Dior,1794
Trollerina OT7,23
Mahindra Scorpio,207
Super Supremes - Nursery Rhymes & Kids Songs,786
Karunesh Talwar,22
Disney Channel Animation,4283
HeyKids - Nursery Rhymes,605
Sorenova,94
Fighter. PL,4143
Coach Jeremy,519
Paul Dinning,1755
Guitarist6494,46
SLIZHENKOV l HD,99
Rojgar with Ankit,31425
Marathi Fairy Tales,359
GRANDMASTER SHIFUJI'S MISSION PRAHAR,1384
Samayra Narula Official,2006
Asianet Suvarna News,226266
Asad Ali TV,732
thang010146,4024
JorRaptor,4736
Bwowos,23
BeardMeatsFood,705
Tomi Arayomi,1087
Smosh Alike,810
Foreign On Campus,54
Matt's Off Road Recovery,980
Koinonia House,1006
Motorsports on NBC,7175
Martinez Twins,205
Andromulus,69
Mully,375
Tim Shieff,343
Intro Nepal,3444
Wonkabar007,122
ABC Malayalam News,24610
Toyota USA,3174
baracksdubs,55
Logitech,997
HoppingHammy,372
Bulma Bunny,206
Jay’s O'Hare Aviation,699
AwesomeDocumentary,1240
Maker's Muse,723
USA Network,95
Captain Tate,1472
MY DASTARKHWAN,494
이용원,2492
LG Mobile Global,435
Rels B / Skinny Flakk,154
WorkSafeBC,576
Fact Reality,37
Chuck's Astrophotography,1233
The Land Before Time,1450
jackfrags,3984
DAMANTE,62
Top15s,556
ClayClaim,742
FoodieBoy 푸디보이,2405
SloggerVlogger,2399
Gamer's Little Playground,6496
AlfieAesthetics,103
VolgaMusicBox,526
intheblues,3355
Drew Peacock,1664
Manny Mua,805
WarpOut,31
MorningTide Fishing,69
InTrik,1674
Spy Kitten TV,40
Flashgitz,188
Blitz Rider Todo sobre Motos,917
Visit Leavenworth,69
DJ BoBo,839
The Rational National,3870
FUNKER530 - Veteran Community & Combat Footage,915
TheSmithPlays,2285
Creative Thinks,104
Ampeterby7,2702
GoldenGully,1660
Toibara,37
ItzLVz,52
Kunal Tomar,490
DONA 도나,243
Aaryaa Digital,2065
Angry Prash,172
Primetime Action Movies,774
SuperCarTube,5164
OnePlus,918
Google for Developers,6792
SumanTV Health,4394
History Buffs,126
Beest Productions,37
Toys And Funny Kids Play Doh Cartoons,4381
Supercheap Auto,1494
Sixty Symbols,418
World Health Organization (WHO),4099
Cheese Craft,138
InsideLineVideo,1736
PeterSripol,188
Optimum Nutrition,189
Dino James,117
Apex Legends,241
Robin Hood Gamer,4590
Be Inspired | STUDIO,54
Also Fitz,90
Sarpmitra Akash Jadhav,792
JioHotstar Tamil,5710
SUPERCAR-HUB,1251
hella-flush,1364
Wimbledon,6725
Bunty Ki Kahani,46
Joey Salads,998
Brandon Butch,1842
Adelaines Camera Roll,1817
Pradeep Ranganathan,54
POWER OF STOCKS,1450
Totej,819
HuluWuluAnimations,1181
DudePerfectTV,27
Now I've Seen Everything,0
Calm Your Cat - Relaxing Music and Tv For Cats,904
WhatCulture Gaming,6665
Christian DelGrosso,82
Daily URDU Update,1018
MIKAVEVO,53
Sparked Game,39
Made in Poland,171
Pablo Cimadevila,17
Fitwork Nation,568
Mr. Bill,562
Jonathan Morrison,1294
YouAlwaysWin,11369
Vsauce3,220
Rajshri Marathi,23386
everything you need,1014
Michelle Phan,294
Typhoon Cinema,700
The Shivam,174
777 Records,116
YTME Originals,142
JustJoeKing,826
Fit Media Channel,1456
Wabi Sab - E,41
invisible super,148
RussVEVO,98
Chattambees,1106
Going Quantum,324
Think Media,2784
TerminalMontage,175
Pure Beauty Tips,1254
Daniel Kolenda,840
TIP TOP WORLDWIDE LIMITED,484
Seeker Stories,257
Sanjeev Kumar Gupta,2710
dangelowallace,41
张镇辉台球教学,2541
SuperFunReviews,2240
Rishi K,122
Lovelyti TV,3460
CoreySSG,2
Achievement Hunter,8382
CadburyDairyMilkIn,1281
BrothersOfDestruction22,763
Krispy Media,802
TrixyBlox,169
stance,8148
NCT DREAM,1259
Eastory,56
Brawadis,2138
Valkyrae,1548
Hand Built Cars,1333
SmallishBeans,2263
LOREDANA,98
BD10HD,72
Motorcycle.com,1219
Dan7,335
Messi TheBoss,345
Deigo,1175
michael jamison,2109
iGAMING TV,488
Gravity Industries,134
Life Stories By Goalcast,343
Lavendaire,1186
aquadesignamano,1132
Kaptain Kuba,932
Ervans Trains,227
Sergey322,1412
shurap,121
BoostedBoiKyle,1278
HawkGuruHacker,303
Universal Facts,735
SoCraftastic,793
Pestily,3272
Kung Fu & Tai Chi Center w/ Jake Mace,1241
CarExpert,889
Kritter Klub,3520
Big Review TV,27812
Playmaker,1021
Sport Legends,74
EVO,885
Cute Kiki,74
FF ANTARYAMI,2002
Quadrant,199
AlexandrasGirlyTalk,336
Hagerty,1579
SsethTzeentach,102
LeendaDProductions,10
The Fashion Jogger,842
Max Wrist,1039
Craftee,541
Harpreet SDC,3282
Max The Body Philisaire,71
justdenise,31
Mechanical Technologies,26
James DIY,12
BILLSTMAXX,4964
Ecosia,343
DutchMash,110
Amanda Steele,509
Nicovald,810
VoiceyHere,1066
Fairbairn Films,728
I'm just Stardust,20
Rahasya,157
megatrend007,4131
MONKEY LYLY,2483
Chiko TV,323
eaJ,80
Lauren Curtis,477
Mike Tyson,240
Jacob Lee,512
Chris Cross,536
Willzyyy,5035
SCENIC VIDEOS,157
Ruchi and Piyush,100
Terry Crews,133
mercyforanimals,1549
T South Movie,51
Walk at Home,285
eHowPets,1004
The S,100
Violin MD,245
Les Verts - الخضر,0
ALBUM CREATIONS,2940
Searching Samayal,1110
The Key of Awesome,1096
Unknown Player,1618
Team2Moms,1173
GYM BODY MOTIVATION,928
JanaSena Party,6708
Shutup & Play - Guitar Tutorials,364
StormXF3,85
Steve Ramsey - Woodworking for Mere Mortals,784
U2,463
Sam Iverson,288
BabyZone,2031
Videogyan Kids Songs & 3D Nursery Rhymes,1489
skinnyfabs,21
Brown Studios,120
Above Average,1394
V News27,86994
NissanIndia,439
DiLi SHOW,539
Alex Kister,39
The Wheel Network,25496
panda chan.,90
Filmakademie Baden-Württemberg,1195
Pennzoil,101
ARMYTRIX,2182
Sri Sathya Sai Official,5904
Georgia Merry-Jones,322
Andrew Camarata,655
Elliot Crawford,93
YouTube Creators,606
Automotive Mike,4440
Megan Thee Stallion,347
60 Minutes Australia,5475
Ferrari,3560
PMO India,6820
GT20 Canada,928
Danish Sait,465
Stephen Tries,181
Future Lab,27
Marshmello,549
Coke Studio India,856
The Beeston Fam,821
courtreezy,155
Healthy Hamesha,900
TheLeoLegendary10,197
TKO NEWIBOYS OFFICIAL,60
MYSTYLEDIARYY,106
Dr Ryan,1931
Ryan Reynolds,354
Memeio,484
Desi Junction,222
YoBoy PIZZA,2287
SneakerTalk,1014
Yoeslan,1612
1OAK-TV,118
Bebe Rexha,195
Pragati Verma,312
The Next News Network,5920
Insight Us,122
Ockeroid,52
superwog1,71
Lakers Nation,9394
Brainrot1994,6
EvinEdits,46
Ice Cream Sandwich,56
Magnus The Therapy Dog,1349
LinusStudios,30
The Powerpuff Girls,1406
Melissa Merk,795
CBS Miami,102775
Prashxan,15
Dol Raj Barghare,165
Velujazz official,548
5-Minute Recipes,5556
Hindi Movies,2196
DIY Garden Ideas,423
CNR Music,1088
Black Eyed Peas,207
Aileen and Deven,2060
ISAB,2738
broncos guru,770
Fynnpire,3462
NintendoBase,865
PlagueOfGripes,388
Lon.TV,3087
anjuz lifestyle,454
Alex Goot,235
Smart Media,1003
Workout 4D,2757
AiirSource Military,5314
tosh,2746
Mark Ronson,20
Klei Entertainment,231
Technology Connections,220
The Wichita,37
ejunky66,87
Dhruv Rathee Shorts,339
Cartoons for Kids,2927
Improvement Pill,345
Exetra Beatz,434
Trend Spot,316
Rylo Rodriguez,47
Michele Morrone,13
mr bundesteam,156
Etalyx,1339
Scenarios USA,142
JClayton 1994,58
MrGamerJay,245
MightyToys,1534
RedHatter,3563
georgemichael,101
PD Evolution,306
Borna Hossain,248
Safari,5739
7 News Spotlight,523
TOP BASTIAN,372
East2WestOfficial,1244
Dan Lok,2218
The Hockey Guy,14777
Gappiya,186
Sia,312
Tré Melvin,51
Abhi and Niyu,1010
Harsha Sai - For You Telugu,152
India Today,268867
Fresh Avocado,106
The Pixel Kingdom,44
Foresty Forest,343
mtzionnashville,2354
CharlieSloth,1276
Blunty,2813
Ahmad Srwi,61
Strong And Beyond,4852
Morphle vs Orphle - Kids Cartoons,1356
The Daily Aviation,1634
Islamic life,1635
George Clarkey,69
Hamaji Neo,164
TorvestaRS,760
planbVEVO,19
Cas van de Pol,317
Beauty recipes,575
Meek Mill,321
NASA Jet Propulsion Laboratory,1382
The Midnight Screening,373
Melvin PZ9,63
Gee Milner,809
Jeff Wittek,166
yovo68,189
Mini Moments,2540
Patriot Games,383
EricTheCarGuy,1274
Pilot Blog,444
TheMisterEpic,329
MadrasMedia Studio,29
Estas Tonne,503
HyundaiIndia,2759
Kaushal,682
TripRazer,166
Today I Found Out,2621
Monica Church,233
AdelaineMorin,435
Miss K8,117
Young America's Foundation,4117
English with Lucy,428
Wonder World,295
News Nation,245721
maajja,38
PTC NEWS,105647
CapgunTom,4347
JioHotstar,6220
Great Indian Asmr,474
Electric Future,26
Desiigner LOD,212
Clicknetwork,1355
ToonsTV,27
HungEker,9
Wildlife SOS,1544
Machina,542
Addison Rae,39
ShibeNation,154
ChildrenNurseryRhymes,142
Incept,12
The Amagi,1787
Nikol mistr,1065
BBQ Pit Boys,1004
Gabi Butler,200
HD Movieplex,8
Yestervid,48
iToonz,2212
Musiqclub,15
NHK WORLD-JAPAN,1302
CBC News: The National,34581
BrandonBealVEVO,11
kAN Gaming,1981
TheHodgetwins,963
DGAesthetics,78
That YouTub3 Family - The Adventurers,1728
Charlotte Cardin,151
ItsJustNick,946
AmazinG SatisfyinG,681
Mitch Manly,77
NightmarePB,416
The Wingrove Family,947
BTVRhoenrad,3310
MissAlex,410
The Supa Strikas - Kids Soccer Cartoon,1635
Catfish World by Yuri Grisendi,248
Gabriel Conte,79
ZoëTwoDots,1293
Sonia Barton,792
Nakkalites,1779
Spiritman Productions,600
Armoured Media,0
Marina Inspira Games,27
Malukah,125
DankScole,492
The Dark Den,824
Adam’s English Lessons · engVid,241
Aspyn Ovard,347
Ammy Virk,114
sonjdradeluxe,376
Little Tritans - Kids Songs and Nursery Rhymes,401
TheStraightPipes,1016
Normani,9
Jamie Davis Towing Official,28
FSXNOOB | Games - Aviation - History,7109
PSG - Paris Saint-Germain,8155
Physics,681
evasimons,27
Stromae,107
Mel Joy,232
In The Pan,30
Benn TK,139
GMA Network,211863
MagicBox English ELS,313
Dani2,46
Brainwave Power Music,169
itsKEVO,1732
Learn Korean with KoreanClass101.com,2284
Jon Peters - Longview Woodworking,1222
Guru Randhawa,271
DW Euromaxx,2106
Gold Vintage,12525
Doctorly,443
pandapia HD,5616
IFC knowledge,3786
Creative Solution,5218
Deep Look,422
Teehee Town,2238
kanashiipanda,21
LIV Comedy,19958
FilmSpektakel,22
What's Good Podcast,2616
Hit TV Indian Health,1103
TrailerSpot,1439
MotorTrend Channel,3815
SophieGTV,62
RCCG Continental,3589
Premier League,4951
Australia Zoo,786
CALLMEARJ,1288
Stardust Vibes - Relaxing Sounds,210
VetClinicGambia,621
Stefan Forster,16
Yippi Gaming,1634
Caught on Camera,132
Mr. Belt & Wezol,397
crawfordcollins,49
Gujju bhai,156
Burak Yeter,311
Ultimate Javed,524
8-BitGaming,1237
Mr.Village Vaathi,478
Smile Family,926
Migos ATL,99
Arabian Fairy Tales,791
쏘영 Ssoyoung,1522
ZaynVEVO,96
edafoxx ASMR,1228
NewsFirst Agri,5512
WildBrain Bananas,5519
The Late Brake Show,441
Chitrakutdham Talgajarda,5723
Crime Time,29
Guych Ovezov,12193
Zhong,2072
SETH SENTRY,555
Science BD,559
Beautiful Places To See,885
vvbasvv,35
Nao FunFun,55
Dr. Eric Berg DC,5706
Ryan Swaze,608
JohnniRiddlin2.0,2564
Unchained_Off,1481
ARIRANG K-POP,37598
Ramy RC,199
hors frontieres,12680
WagWanEntertainment,370
Body Hub,1351
अंतरिक्ष TV by Kaushik Bhattacharjee,1457
Foekoe Gaming,350
Rap Samurai,1260
Sofar Sounds,24380
ConnorFranta,433
Dominoki Kids Songs,5473
Ballislife,3635
StormChasingVideo,7548
Slice of Sabby,281
ANU TV,2304
Masked Wolf,100
Slazo,253
Sarah Z,66
EXPLORE WITH US,491
Geeky Medics,345
PETROLHEAD MOTOR GARAGE,167
Imperator FX,3046
McJuggerNuggets,2293
Bulletproof Pitbulls,75
Channel Punjabi,22664
PantslessPajamas,21
BiohazardGeek,1385
dustin penner,186
FOX 5 New York,22447
CraftTheHero,39
Sekhar Studio,165
Nelli Belly Dance,155
DangerouslyFunny,2472
Magnet Brains,59095
scarlxrd,161
News7 Tamil PRIME,115242
History Matters,378
Make Sushi 1,474
Video Creators,1497
uricksaladbar,63
Ivana Perkovic ,2080
TOY TOTO *토이토토*,154
HARDSTOP LUCAS,48
Donut,1711
Wilburgur,474
Exploring Alternatives,427
J. Geco,13
SVF Music,6158
HOT 97,11492
Everything Electric CARS,1069
BKShivani,2156
Brittney Crabb,1910
QVCtv,571701
Chino's Animated,103
Carly Rae Jepsen,64
NewsTamil 24X7,240039
Bisonni Ministries,504
DarthFader,204
Sports Edge Cricket,17660
Trugetherness,1
Khandesh Fun,269
Zoe Sugg,777
Aviencloud,1268
Jarvis Johnson,146
The Sargi Family,926
Best Of TRS हिंदी | Hindi,2331
Lisa Eldridge,576
TJ AND MAC,402
Mind PUMP Motivation,93
The Beginners Bible,1065
Sam Green,276
PlayofEL,872
Alex Schauer,120
pamtri,75
Freshtastical,69
Wingin’ It! Paul Lucas,377
Antonio Garza,61
Kerala Tourism,2738
Laura Angelia,190
MoStack,25
Mysterious Middle East,62
Thomas Schwenke,72
Liza Soberano,21
KEXP,20191
Three Angels Broadcasting Network (3ABN),4251
Shane Dawson TV,32
FrontYardVideo,446
warned,482
benny blanco,75
The View,3736
Dan Brown,28
Cleetus McFarland,1718
Action Tadka India,1184
Hitachi Brand Channel,2314
Fesify,1420
Saregama Tamil,9677
RAWWFishing,919
dloow,1055
Elmapuddy,274
Buttered Side Down,107
Kick The Jet Engine,52
Allen Millyard,144
Proton Jon,345
Amazing Video's,271
MowtenDoo,48
Theoatrix OSRS,418
Universal Melody,455
Naat Update,22
Brandon B,858
Matt Jones,783
Deejdesign,328
The Cartoonz Crew,215
Gross Science,82
Allie Sherlock,2074
IELTS Liz,46
Ripple Music Studios,74
my mechanics insights,59
Free Documentary,911
Toon Blast,33
DESIFEED Video,21088
Reef Addicts,184
Absorber,183
The A Family,192
Techniqued,5952
Fishing Moshi,920
Media Graveyard,5397
Harry Styles,17
5911 Records,55
Amit Saini Rohtakiya,79
SoMoVEVO,10
Chantel Jeffries,139
Haminations,107
APPUSERIES,5060
Zeus The Stubborn Husky,91
DreamXD,85
Rizwanas Cooking,191
Lauren Ostrowski Fenton,1931
Mind Motivation Coaching,847
Kristen Hanby,1146
SNIPES,197
Jester,900
Left On Red,90
Enduro KeX,160
Music Nepal ,13714
Lounge Music,1445
Relm,102
Zeeeko,35
Parotter,1020
World Animal Awareness Society,709
Pari's Lifestyle,864
Independent Online Cinema,20
True Crime Central,1126
蔡佩軒 Ariel Tsai,593
M3KKY,346
SoLLUMINATI,545
Tolt around the world,63
GAMINGwithTZ,163
Abhishek Paul,620
Elias Schwärzler,424
Disney,1338
kail,57
TheMeanKitty,210
EpicLBPTime,2031
Madison Beer,75
Hananya Naftali,1274
BBC Learning English,4089
PopToons,296
Drishti IAS,18927
Justin RARRi,1
GRELO CARE,256
Muscle Factory,21
Auto catalog,2527
Extra History,1260
AYLIVA,32
MERPTV,553
Disney Kids,4728
minimme,149
Joyner Lucas,162
Reinaldo Aguila,294
XOTIC MATTR,14
ZHC,315
Bluey - Official Channel,1303
VICE Asia,1287
comoconfigurar,9099
iam_marwa,3099
Nino Productions,7
MasterBucks,2510
KindaTV,1031
Diddly ASMR,945
Funtastic TV,253
My Sweet Ambitions,436
Cineulagam,44393
Tech Droid Hindi,3214
YG ENTERTAINMENT,551
Wonderful Secrets Of The World,259
bp,1484
Cool 3D World,79
MR Bhojpuriya,750
MasterOv Games,1651
ParisVanity,63
Hindi Kahaniya,1615
Trollstation,697
Joonie Ya,296
Pruha TV,21
Dale Philip,997
Total Fitness Bodybuilding,1620
MIND TWISTER,135
Captain Disillusion,116
Michael Finch,365
BigB,7345
Satvic Movement,453
MSK Movies,5074
Ollie Bye,142
Mirima,81
Bare Knuckle Fighting Championship,720
Funny Animal Videos,57
Mr. Jack_tv,596
Jazzybum,190
WillCrafter,173
መስትያት ዓለም,77
Ujjwal,446
Elliot Giles,65
KATURI,1808
HowToBasic2,15
Dots DIY,234
Cutest Animals,71
Battle Royale Jokes,1124
TRONICBOX,27
NCT 127,973
Eva zu Beck,273
Daniel Ricciardo,55
Daequan Loco,554
SmashBits Animations,250
이노냥 inoCat,912
Nature on PBS,1219
TGN Star Wars,0
Naska Videos,1004
Dance Fruits,1183
BoosterKings,1100
HColors,25
BeybladeGeeks,2071
INDIA MY JAAN,2084
Nick Drossos Defensive Tactics,1475
Chidinma Ekile,15
KoRn,282
IAMHVR,391
Drew Binsky,1235
Sky Sports Boxing,4614
The Kid LAROI.,116
91Tech,567
HELLBANIANZ,29
incT,145
Tommo Carroll,141
Real Stories,1199
Sofia Karlberg,79
Nikita Dragun,87
stacyplays,2080
British Airways,623
Muse,434
NTV Global,510
Roy Woods,347
Ark Encounter,386
Shree Brar,297
Black Atlass,10
Yandere Dev,180
Sonic Paradox,99
SSC MAKER,16391
Chris Notap,259
robcantor,12
HCT,25
Paddy The Baddy,306
MD TV,638
Xavier Mortimer,236
Real Truth. Real Quick.,319
INDIA EAT MANIA,3228
Hew Moran,893
Floor Jansen,225
Explore Birds Bats Bees,213
Funny Pets,871
Chucky,17
Norris Nuts Gaming,854
Adrian Gee,427
Amy's Life,590
Inessa S,221
DougDougDoug,96
The Collector,1041
Investment Joy,652
Buur,92
WPLG Local 10,92669
Mina Le,145
Best of The Voice,1301
How to Draw Stuff,1245
HN Football,92
DIY Garage,31
Everyman Driver,4093
Solid Gold Aquatics,374
SMART DOG TRAINING,400
Tin And Jar,72
Diljit Dosanjh,225
MrBrain,52
astro chinnaraj,6593
Kalamkaar,236
Kittisaurus,276
Yashita Rai,1501
Three Birds Renovations,531
Jakerton,473
Millie T,304
Banden,815
DIY crafts from A4 PAPER,186
Hardware Unboxed,2324
Koenigsegg,62
FullMag,485
GeekyRanjit In Hindi,122
ShawnMendesVEVO,156
HeartCry Missionary Society,491
PAHO TV,10949
Motorcyclist Magazine,878
Craig Yopp,111
Billshowto,513
Eboys,29
Naio Nails,1625
Heidi Zidane and Zack,658
The UK07 Rider,1106
Alex's Corner,49
Bollyywood Now,54286
CBS Sunday Morning,9048
JaidenAnimations,216
JimmyBallers20,600
FWF Big Shorts,173
RIDE Channel,4091
MMAFightingonSBN,18642
HELPING GAMER,1935
DanAndPhilGAMES,419
Paweł Zadrożniak,169
Street Soccer International,767
Nannu and Chunnu,3704
Sunny Jafry,111
Chike,101
WappaModa,897
Ajab Gajab Desh,13
Toni Olaoye,39
The Sound Traveler,26
Daily Village Life,1573
Vinny E-Mini Plays,20
Hardware Canucks,2337
DyingLlama,55
KYSTAR,143
CNBC Make It,2942
Megaprojects,835
Canadian Prepper,2722
Eli the Computer Guy,1139
Pick Up Limes,249
Finger Family by LooLoo Kids - Fun Kids Songs,515
Sakura Media,70
Free Time Work,23
LOKMANE DZ,191
Tahini's,1059
[Awesome Haeun]어썸하은,521
Keshia,24
Fudgy,3112
The Joker Club,27
Shan H Fernandes,897
David Gilmour,528
Woody & Kleiny,1571
CS Bisht Vines,127
Tasting History with Max Miller,469
YouTube Bangla,632
Tekweni,542
RoadTrip TV,334
PhoneBuff,815
Elias Hossain,390
Gavin Webber,928
PioneerPauly,321
Hogwarts Legacy,74
Top 10s Shorts,753
New York Post,31100
THE INDIAN UNBOXER,186
ShxtsnGigs Podcast,1102
CBC Docs,390
Willjum,380
Miniminuteman,293
AARP,839
Relax My Cat - Relaxing Music for Cats,2640
The Kits Cats,876
Beh2inga,2455
Matthew Hussey,1201
Linus Tech Tips,7470
Sefa,83
TOP 10 SPORTS - T10S,45
BarryBeeTV,44
Jamyang Pelsang - Film Fight Fanatic,45
NADAFID,601
Hulyan Maya,3795
Rick Bars,31
Romina Gafur,3797
Crypto Ace,12
Gaming Tamizhan Official,116
Frenchy SungaAttack,583
GommeBlog - Car & Performance,4689
Dacha44,38
Pietro Lombardi,55
pong1977,453
BeFiT,1041
Shmee150,5405
Shreemani Tripathi,412
Jen Smith,2000
CS99TV,580
BeckBroJack,2567
Stay Fit,57
Total Running Productions,80
4BEL,634
DAHIYA FILMS,502
Mumbai Indians,6366
Eminem - Topic,1475
Code Bullet,89
معلومة فى كتاب,682
MineTronic,70
Groundhopper FC,265
Putther,1201
Huw Richards,791
WOWsoAmaze,36
truly,3763
Tpindell,818
Popcorn Stories,25
ojatro,1182
JISMA & VIMAL,359
Faz,1610
Sundeep Sharma,156
Future Classic,724
The AFC Hub,6899
CoshReport,334
ArtisanNewsService,9314
The Children's Kingdom Nursery Rhymes,1379
Sorted Food,2700
FANTOM Pro,811
Redmercy,2970
Pawn Stars,2279
ROCK SQUAD,900
FaZe Rain,1676
Out Of Line Music,1604
Oppressed Media,78
TAG Art,65
Australian Open TV,16481
PuddingFishCakes,189
Berk Tanman,5
Carzeyy,983
Scary Teacher Joker,10
Skye Wheatley,345
Android,348
Moonlight Jewel,195
Danny's Aquariums,245
FaZe Rug,2491
BeforeAndAfterTV,210
Danny's Brickfilms,12
Simply Time Pass,1471
Karl Jobst,187
맛있겠다 Yummy,1844
Knowledgia,437
  Cement Craft Ideas - DIY Creations,78
ShotMechanics,912
Steve Mould,352
Emon Squad,375
Puppies Planet,106
Blixemi,160
The Manadil Siblings,335
Human Interests,11
Easy art n craft,709
Dr. Plants,11
DreamWorks Spirit,402
Lonely Planet,850
Kayo Sports,2076
Bentellect,3210
TRILLPHONK,1656
RRILEY,12
Rebel News,26321
DanOMG,184
WeedifulTV,255
Daniel Marsh,327
America - The Jesuit Review,915
Object,79
Gabriel Traveler,3031
MOOMOO STUDIO [무무 스튜디오],153
JamesRandiFoundation,349
ThnxCya,3146
Mike Thurston,519
Sierra Furtado,226
Dan Churchill,666
Moojiji,997
zeldaxlove64 Christina Grimmie,562
ROCKWELL OFFROAD,1598
NoDoubtVEVO,30
Channel i News,85888
Top5s,1212
E&EP AUTOS,194
BATTLEGROUNDS MOBILE INDIA,1049
SLn Mariner,53
Carla Underwater,208
Blender Guru,240
MrBeast हिन्दी,78
Play & Learn Kids Games,66
Vlad SlickBartender,711
PrimalKev,142
Ridddle,658
Kehlani,240
Fe4RLess,165
BBALLBREAKDOWN,2723
Dog Reacts,1994
딩가의 회전목마 DINGA,241
Lui Calibre,1115
REX,75
Dean Lewis,724
FAPL,26
Morgan Wallen,175
Zhong Gaming,86
Max Khadar,17
Niro,21
Food Ranger,1476
ToveLoVEVO,124
Natural life,157
Yellow Productions,2059
MIKE ROFT Records,324
GQ Sports,842
vkgoeswild,1141
FameLux ,10
The Maple Music,93
Bengali Movies with English Subtitle,2563
Jeff Feng,21
sawyerhartman,622
Afro B,103
Mighty Car Mods,970
CATMANTOO,88
Cold Ones,153
Feature History,55
takisawant,388
Madman Films,1708
Moose Toys,252
JzBoy,129
Handles,102
cp wild Lanka,2484
Khabib Nurmagomedov,210
PIMPNITE,4528
Universal Pictures,3022
Click,69
MotorsportCom,3927
FactsForYou,242
Hmelkofm,1806
Nitro Circus,1884
Deoxide,181
Red FM India,7637
Hebbars Kitchen,2996
Throneful,68766
B Young,72
Twolol,107
VYRL Bhojpuri,374
AppieTube,527
Syndicate,3551
Little BoBo Nursery Rhymes - FlickBox Studios,194
Tastyvibes,230
Anna McNulty,439
LITTLE PAWS,86
BrodyAnimates,102
ArcadeCloud,1411
Simply Aviation,649
The Sydney Morning Herald and The Age,3778
Sakshi TV,304151
Jerold Vaz,575
Comedy Captain,3293
ManuelRivera11,1567
Black Music,9
SkyHooked,59
Brizzy Voices,270
Daniel Thrasher,547
BlackBoxTV,123
Cartia Mallan,249
WAY AWAY,844
DJ EBO,10
SBARTSTV News Entertainment Tech,103
Tanya,1602
Prof. Ravindrababu Ravula,2239
Fix This Build That,223
RegisteredNurseRN,1332
Channel One Bangladesh,45
aramco,323
entertainmentone,13
TmarTn,2574
BeautyMe Seema,221
DawsenTv - Bengali Stories & Rhymes,951
AP1HD,20177
TheGamingForce,47
TJPKen O'Keefe,197
Mr. Hacker,162
CraftedThings | Monster School,53
Cheryl Porter Vocal Coach,983
British Vogue,0
Meanwhile in the Garage,48
Oddman Games,2968
عالم هبة Hiba,1599
SkinSpotlights,5829
Stompdown,859
D'Angelo Wallace,126
Brigata Curva Sud,256
BMW M,403
NurseryTracks,167
Bageshwar Dham Sarkar,19722
Jan Animation Studios,33
Sevdaliza,232
Home of Football,225
US Open Tennis Championships,11353
Sema Bruh,126
TFI Creations,112
Carlaylee HD,1754
pennyccw,2363
"Love, Diana",728
Kiddyzuzaa: Princesses In Real Life - WildBrain,473
SavageGardenVEVO,21
Gates Wildlife Control,333
Beauticianchic,1662
soniastravels,270
Blippi Learns - Educational Videos for Kids,1257
Rammor,289
Danushka Senadeera,2229
123 GO! SHORTS,8914
Niana Guerrero,506
Opticle,4
Special EDy,11
Nina Dapper,325
Telugu Cricket Universe,259
DANNYonPC,3918
Shutter Authority,173
Drago Galaxy,125
Nomad Kids TV,1476
Project Life Mastery,1304
Sony,2176
Nirrmla Nehhra,1825
RageElixir,3047
TOB GANG,69
Best of media channel,147
Gyan Point,236
The Cincinnati Zoo & Botanical Garden,2516
Hinduism മലയാളം,4998
FaZe Clan,1845
sashley,51
aWiibo,1538
RKD Action,233
Destiny,298
ANDO,38
1791,33
Best Breed Ever,38
Cleanshot,94
ETTV 이티티비,1861
HypeMyke,428
حسونة - Hassone,1129
MatthiasWandel,920
maxmoefoegames,451
HONEST GUIDE,292
Channel Candy Man,106
Fashion Channel,50938
Socksfor1,502
Aditi Sharma,251
AUSSIEBUM,560
New China TV,83824
LAUREL,24
Gamekeepers_cz,6214
Ved Entertainment,1370
NiallHoranVEVO,100
Useless Duck Company,59
PR Bollywood,6054
Tony Kakkar,225
Ember Lab,29
Brookfield Zoo Chicago,1852
PearlescentMoon,327
Fruit  Decoration,8178
SankeyMagic,498
KPRC 2 Click2Houston,89046
Rotten Tomatoes Classic Trailers,4502
Ravi Shrestha,94
C4ETech Tamil,1779
#TeamTrees,29
Tyre Reviews,152
Beardbrand,1977
LiveNOW from FOX,26569
INEOS 1:59 Pace Challenge,49
FUTURA,54
ADEL et SAMI,411
Lets Talk Stories,2093
The Body Coach TV by Joe Wicks,1062
News24,23930
AirshowStuffVideos,2537
Rough Hands and Unusual Ideas,238
sandiction,25
- The Ultimate. 13,5
YouTube India Spotlight,1268
ChuChuTV Learning with Surprise Eggs,545
Hai Creativa,69
mosambi,411
Maruvie,78
Peekaboo Kidz,1014
Glamrs,3015
Virtual Planet Music,78
MAI PM,634
Topi The Corgi,176
Yungen,28
HeyDavi,390
Tool Items,214
HeroFunTV,584
HUM News,137566
Fitwaffle Kitchen,1463
KIS KIS - keep it short,1296
Hevesh5,612
WM Tube,104
DLAN Models,473
LiamPayneVEVO,49
Ondraga Entertainment,596
MMAWeekly.com,8920
Sideserf Cake Studio,872
Kappa Kaiju,118
Majedar Kahaniya,325
iTest,1148
LifeAccordingToJimmy,313
Dr. Dana Figura,2402
Mah-Dry-Bread,6273
Reality Reels,144
DON XHONI,30
Arising Empire,1361
Rose and Rosie,820
Red Bull Bike,1980
Mad 4 Music,3146
A Garnish Bowl,1652
JHaps Records,30
Brain Candy TV,87
MariAndKids,734
Joe Jenkins,183
Ski Mask The Slump God,137
Kelley Blue Book,2777
ImagineVideoclips,40
IRAN TV,2328
Hitz Music,812
TrendingTracks,842
D&B Slime ,700
Mohammed Saeed - محمد سعيد,61
t-low,36
doddleoddle,217
Dream English Kids,968
Destech(Deepak),812
VDJ Ayush,30
okaysage,59
Denitslava Makeup,501
THIRU TV,5484
Jon Bellion,66
CottonCandyCorner,549
J. Draper,454
MajorLazerVEVO,14
Gagan Pratap Maths,1048
ITJungles,27198
Codeer,27
GoldenLane Studio,67
Maqaroon,816
Samuel Kim Music,602
Ada Derana,160050
Sambhavna Seth Entertainment,2533
VALORANT,551
The Secret Life of my Hamster,79
nutnfancy,2410
Ben Eater,127
Alright!,438
Troll Punjabi,118
Lovely asmr S,1084
TheKillersMusic,34
CLAPBOARD FILMS,76
exurb1a,82
Xendrius,71
Ivan Son,16
Shermanator,3576
Health Tips Gyan in Hindi,1077
CRICKET 360,24
TheCooknShare,1506
UNBOXINg dude,1997
PeterBjorck,188
Kristen Hancher,41
Sabin Civil Engineering,266
BVBArmyVEVO,17
Karl Niilo,783
Dj's Aviation,3489
Ek Mota Hathi - Hindi Nursery Rhymes for Kids,1301
Shay Mitchell,233
Chef Raphael,447
hbomberguy,69
Just Pranks,471
Edgy Animation Films,37
SICK INDIVIDUALS,372
BeerBiceps,3875
6Foot4Honda,682
Reginald music,34
BTGL TV,23
Miraculous Ladybug,2144
Heroine Movies 2025,2270
Surya TV,71652
Rosie Gabrielle,165
ox_zung 원정맨,2210
mysticat,202
NTKLife,125
DizastaMusic,86
Gary Washington,34
aarava,5167
Nadeem Sarwar,371
WildBrain Superheroes,2974
Hasan Reyvandi - حسن ریوندی,3177
ABC Big Kids,4822
Ash Magic,2053
High On Life,399
123 GO! Kevin,8840
2WEI,116
Ssoftoons Golpoguccho,692
Cric7,4182
My Mountain Husky,221
Brodha V,56
Food Fatafat,1308
David The Baker,148
jmancurly,1316
MIRBIG (Alexy Fofint),48
Panda.m4,2577
Technical Yogi,2850
News Mx Tv,14219
UFD Tech,6663
Come To Village (கிராமத்துக்கு வாங்க),1774
Behindwoods Air ,61877
Mono Monkey,1847
RageGamingVideos,11338
Jakub Vágner,326
CTV News,73645
Radicool Talent,40
MrBeast 2,162
shar,60
Aseel,29
Sanjhalika Vlog,727
Urdu 1 Official,23059
YouTube UK,144
ItsJim,22
Qatar Airways,761
Zono,27
Neptune3 Studios,282
JioCinema Sports,7040
House of Highlights,23794
Origami with Jo Nakashima,665
Rachel Gardner,903
Q News,75669
Toy For Kids [토이포키즈],73
Crazy GkTrick,3560
The Dro,711
Dtay Known,130
Consumer Reports,3561
Mizyaka Dizyaka ENG,75
natalikes,983
PrathzRailLover #WDP Bhau,1897
dinoflask,37
Tiny Cakes,10
YouKids,504
BMW Middle East,288
CPL T20,5538
Daily Village Topic,1068
Cody'sLab,801
worthy,307
khanacademymedicine,1262
NorthSurvival,91
VikatanTVTelugu,2945
Bobby Misner,67
Zach Clayton,290
Obak Khobor,38
Doja Cat,61
Pen Multiplex,4009
Supermofools,352
Julio Cocielo,419
light2tube,3261
병병병,48
boburnham,35
Mad Decent,1589
Solokiso,631
Saqib Technology,1345
Bob Nicolas,49
Yoel,251
LUNAVENTURAS,581
Dishoom Films,905
BBallBeast,503
Ludwig,2478
Practical Psychology,311
Ask Muslim Teacher,1734
Ryan Garcia,196
MyFroggyStuff,3592
CosmosFTW,998
WOA Mew,902
Vanemas,146
Loepsie,1204
Life of Boris,469
Blake Shelton,492
House of History,445
SurajFineArts - Abstract ART,2427
Bagi Bagi Shorts,4925
ishani videos,9106
LGR,1265
Evanescence,166
Joel Osteen,2045
Nickelback,493
CGP Grey,196
Sooneeta,2128
Filmy Sins,213
The RSA,1849
Pakistan Super League,9605
WEAREX Toys,152
Nino's Home,138
King Of The Dot Entertainment,1994
Lost in the swell,95
Rozana Khana In Hindi,1265
GwenGwiz ASMR,291
Jonatas Kep Apresenta,899
Golden Hoops,4271
Marc Mero,506
Pegbarians,171
Animation cinema shorts,522
Leaf Records,147
Fady,1212
JustDustin,355
Catamaran Channel,121
Indoorbread,19
Jon Harris,2837
Lenovo India,1110
DW Documentary,1479
The Voice Australia,2786
Kombi Life,464
ElementGames,1962
NewJeans,740
MagzTV,1680
Nostalgia Realm,2143
HDBroadcaster🎥,359
The Korean Vegan,820
MagicBox Tamil ELS,160
NRL - National Rugby League,10972
Lucky Surprise ToysReview,98
camman18,1628
Camryn Corabella,1284
IBM,461
Dina Tokio,810
Shanmukh Jaswanth,117
Powerful Mantras,614
HighlightsNepal,9744
RDB LA,845
MysteryBen27,33
Alessia Cara,342
Gravycatman,4120
DCTC Toy Channel,2009
Cute Life Shorts,1545
Chrome for Developers,1993
Gita Savitri Devi,553
Mike Fox,278
Lloyd Cafe Cadena,577
The Deal Guy,1623
FilmDice,43
Dead Sound,96
Official Saweetie,355
5-MINUTE REPAIR,7431
Wikitongues,854
Peppa Pig Cartoon Collection,2012
Samreen Ali,869
Sant Shri Asharamji Ashram,9570
Kick Game,436
MADONNAVEVO,36
Navs Garage,316
Faye Balbacal,221
Zee Uttar Pradesh UttaraKhand,111693
Cussan,20
ghori fashion designer,986
IVY Bhojpuri Movies,2103
FloydMayweather,58
Nextraker,2430
Wonder,1018
BeatsbySV,986
デーモンAstari,519
TG Plays,1603
AnthonyPit1,52
Larry Wheels,1359
We Are One,135
staceybrennan,122
Red Hill Music,103
Ducky Bhai,835
Top MMA ,5
Pardesi Dunya,67
N2 Cat Crew,296
Yasmin's Cooking & Vlogging ,701
NevoMusic,7593
Ross Plaskow,20
Imzy Vlogs,599
Jamie Nyland Extra,153
CrosOOvr,0
Dominique Sachse,755
Steven Fernandez,31
Suev,310
Badge 99,1149
Earth Touch,1915
Dodge,166
This is Bailey,506
Mike Williams,402
Ultimate Halo,567
Zac Alsop,162
Kendall Rae,1314
Aquarium Co-Op,1450
ReactiCorns,121
Senya Toys Review,783
Elephant soul,2390
I Am Second,495
AJ Official,1381
THE Vines,11
Vanity Fair,3362
ToysPlay,587
BellatorMMA,4305
Keegan J,88
Kids Fun House,379
mike diva 2,12
Judicial Watch,9017
Dan Robinson,518
Chiptubeofficial,123
Rithu Rocks,56
KYLE HANAGAMI,354
Scientology,1174
Alexander Studios,50
Pebbles live,5682
Homemade,293
JStuStudios,474
watchmyslap,1698
Airbnb,584
TheButtingHeads,67
Lessons from the Screenplay,68
Agrifoto,589
Primitive Technology Idea,227
Primitive Survival Tool,287
m2e1iriko,131
Say Swag,2087
Dude Perfect Plus,30
Mtashed,2892
Emma and Joy,11
Grox,60
Rawan Bin Hussain,19
bestdressed,175
Kid Studio,58
Robert E Fuller,1856
PinkyPopTOY,4060
Oddbods & Friends,1650
Ujjal Dance Group,158
Vidly Tourism for Kids,13
Tips And Tricks Of My Kitchen,181
JDM World,40
Calcio Show,65
Creative Mom,123
UpIsNotJump,199
Joel Corry,768
Wheels,623
Cosmopolitan,3649
Toolify,24
Cas and Chary XR,910
Jennifer Chiu,1271
Sirloin,10174
ROLEX,893
Kanga,1092
MMA TV PRODUCTIONS,44
HoopX Basketball PH,1414
SuperXavier,2302
Shawn Woods ,1109
M539 Restorations,175
TearofGrace,1314
mike rayner videos,64
The Food Ranger,390
i-D,567
VIDDAL,471
Bharat Samachar,137752
Super Mango TV,473
TheMagicMatt,724
Psych2Go,3662
Cafe Cozy Jazz,233
The Officer Tatum,5113
Warhorse Studios,228
high frequency tribe homestead,2863
Minecraft,1267
DrawingWiffWaffles,587
Devil Bona,86
Twizzle Tech,457
NRL on Nine,10080
AFGuidesHD,7263
BOKIN,124
Zak George’s Dog Training Revolution,1082
GothamChess,2790
BlackOpsAmazing,2856
Steve “Steve'n'Seagulls” Seagulls,108
Music Master | Tamil Songs | Ilayaraja,4552
AgrarBlick,616
TinyKittens HQ,1274
Home Remedy ,771
BeanymanSports,17656
John Fish,200
Robert Piessens,430
Christmas Songs and Carols - Love to Sing,1078
ONE Media Coverage,4336
QI,1624
Fancy,16
x2Twins,1050
Business Casual,91
DJEkkiMusic,375
VADAK,183
Official EA UK,1640
Alan's Universe,1470
DarkFluff,1292
ETimes,60051
motivationaldoc,6726
AtlanticCouncil,6748
Toyo Tire U.S.A. Corp,592
Max & Lee,105
Eric Struk,385
Steve Terreberry,439
ióN WILD,883
Bridgitte K,251
Foodie We,709
Prameya News7,214624
Clean My Space,1166
Spanian,333
Acharya Balkrishna,7086
Al Jazeera English,130934
Above & Beyond,1997
Beyond Science,486
kNIGHTWING01,2417
News State,171412
KathleenLights,1287
Goldmines Premiere,2500
Nugget's News,1171
BrainfooTV,104
EcksClips,1782
Autocar,1729
YouTube Originals,375
Yung Filly,81
Welyn,270
DanTDM Live,250
Alert Aarumugam - Tamil Automobile Channel,1931
PUNJABI VLOGGER,1398
Team Denver Racing,167
Ethan Funny Family,1222
Paytm,1328
Worlds Biggest,309
Darker Corners,147
devinsupertramp,910
ContraPoints,33
Upboyraj Comedy,932
Bedtime Stories,240
Joey Drew Studios,100
Emma Blackery,412
Jeff & Alyssa,200
Live from the Flight Deck,141
Siham World,422
Dan1s,0
★WishingTikal★,16856
Josefa M. REINA,317
MOHAMAD NUR MAKTABI,1385
Medlife Crisis,157
Life Tak,1589
Pheonixmaster1,4891
ExxonMobil,128
Joel Gustafsson,213
CypherDen,189
AM Films,13
TheMalibuArtist,356
Rango2M,80
MrEdxwx,4246
FactFaction,124
"Wasthi Productions ""වස්ති""",87
EnfusionTV,1544
Just For Laughs,2297
CrowderBits,3032
Jamie Nyland,666
ARPO The Robot,1747
Travelista by santos,1424
Alexandra Gater,417
Lorraine,10752
ibisPaint,489
FOOTBALL CULTURE (PI ALFA),495
FatTV,716
Knowledge is Power - Gary Lite,259
4 Ever Green,693
Samsung Maroc,846
Everyone Matters,280
VATS RECORDS,193
TiffanyRotheWorkouts,2354
Chanda,9850
Cinecom.net,935
TIKTORIKI,652
BR7 Football,133
Raw Appeal,51
Make:,3118
Ashish Kant,189
Legion Music,36
Shoaib Akhtar,503
Maha Fun Tv,92
TRR official,54
Pat Condell,173
Undercover Cop!,21
All Star Music,54
Datta Benur Creation,1442
Kore,71
Bindass Khabray,885
Clickspring,129
Sam,691
Lucha Libre AAA,4452
AvE,850
UpTop Movement Inc.,168
The Questionable Garage,297
drdavidkimbeverlyhills,125
Rogue Hobbies ,65
RiderCHO1,22
Hrach Muradyan,10408
Learn German with Anja,618
hickok45,2999
The Local Project,487
Shamees Kitchen,1920
Poet Plays,4640
Hans Klok Official,63
Pocoyo English - Complete Episodes,1135
Global Mountain Bike Network,6538
Android School Bangla,434
Sim Mot,119
Brick Experiment Channel,113
Rizon,813
ForgaLorga,39
wifistudy Studios by Unacademy,22921
Joseph Vincent,403
LOR Minecraft Animation,0
SamDoesArts,273
Dr Sam Robbins,1502
PetaPixel,375
speedyw03,1926
Tech Trinkets,1699
Labour Law Advisor,1889
LUKA SULIC,219
BigTasty ,0
HardToonz,34
Vidya Vox,122
Arekkz Gaming,6644
KittiesMama,1125
Power Rangers Official,5911
Max Derrat,494
Lets Test Laurence,1266
Maha Cartoon TV,433
Tek Syndicate,1942
Gaur Gopal Das,511
Monster Bug Wars - Official Channel,326
Princess Hairstyles,462
ARK: Survival Ascended,248
Noodle,79
Mr Bean TV,3170
PaulVuTV,2777
Art with Flo,681
TheOutdoorGearReview,2153
HASI TV,1290
Charles Peralo,3223
Transcendental Meditation,482
Nathan Doan Comedy,190
The Family Fudge,1348
Tantu Beats,626
Akshara Singh,269
Ronny Dahl,1144
Movie Scenes - Angel Digital,13057
Elif Karaman,371
FakeJake,1031
Mounica Bavireddi ,152
Traveling Robert,1607
Sunflower Farm Creamery,522
Czzling Roynee,1253
HyperXAbhyuday,467
War Archives,106
ISPR Official,1911
VAIBHAV SETHIA,45
ViralBrothers SHOW,84
A for Adley - Learning & Fun,773
Saito,8453
ViralDark7,48
Ran-D,246
GIVĒON,20
HarryNinetyFour,3295
Nicko's Kitchen,1156
Top Pops,3308
Sydney Morgan,2193
StopXam Live,290
Kidibli (Kinder Spielzeug Kanal),1316
hoohoohoblin,2507
TechyBlox,167
Munchies,1878
Callum B,42
Jack54HD,3303
Alux.com,2940
Virgin Atlantic,285
Republic Bharat,279470
Josh Pieters,153
Bill Gates,756
Stealth17 Gaming,4780
NaughtyRiders,30
E&E Creations,2043
Cut Media,72
WTA,13721
Deep Feelings,8
MARGO FLURY | Маргарита Дьяченкова,299
TikTokTunes,1317
TrainGuy 659,93
OverSimplified,33
exlittlebeans,161
Indian Rapscallion,4996
KANNADA TECH FOR YOU,2195
Sony Sports Network,4069
RRC Restoration,164
BlackPanthaa,5248
Dream Shorts,91
RDC Rajasthani HD,6520
SimplyMyStyle!! unni,1578
AWIE MUSIC GROUP (AMG),28
The Kid From Curaçao,36
everett,143
Dr Gavin Chan ,62
Rakesh Yadav,1386
Hennessey Performance,1702
Need for Speed,66
HISTORY TV18,3880
BraZy,181
Fabio Wibmer,393
Magic Journeys,398
Red Child Xau,9
Makeup by Parul Garg,1203
Goldmines Cineplex,5404
Jenkins,120
Salim El Ouali,59
Hi-Tech Islamic Naat,2419
The Weeknd - Topic,960
HomeCookingShow,3155
KSI Music,1269
Make it Extreme,190
Michi Leber,50
Ford Motor Company,1020
The Speed King,46
Sadiq Ahmed Vines,975
Armada Electronic Elements,188
ThatsHeart,538
Make Joke Of,100
itz explain,448
Kro,1493
Doctor Mike,1103
RedOne,22
LIL SIMPLE,305
Ubisoft,12928
StarTalk,1577
Tommy Boy,3085
Misfits,25
DieselD199,187
Spark,1012
Tyler Oakley,620
YugaTech,2987
Mark Crossfield,6294
Leafy Street,304
TechPlusTube,29
Wall Of Entertainment,679
PIN KORO,1309
Ricky Glaser,1804
Gee Lanka,82
Navaan Sandhu,62
2Snacks,25
WarmachineMC,460
KhalidVEVO,183
Cloth Map,42
Romell Henry,165
TNA Wrestling,5603
The Royal Institution,1546
MK8 Master!,618
Christine Jewellers,520
토이스페이스ToySpace - Game Vlogs,2107
Quick Simple & Delicious,560
THENX,534
Lauv,227
MARINA,192
Mayde,89
Amazon Alexa,429
Sugar Mamma,1616
lavapix,227
$uicideboy$,201
Catalin Fleancu,42
CinnamonToastKen,4325
NakeyJakey,128
Konstantin,374
droopy,160
DGHD,82
One4kids,855
CircleToonsHD,473
AVD Digital,70
Everton Football Club,4320
Grand Studio,214
itsjusta6,855
TSMC - Minecraft,2661
NBS24 TV Bulletin,16565
English with Emma · engVid,273
EmeliaHartford,753
MurkXtreme Shorts,235
News18 Punjab,274234
OVO Sound,386
Protoxx,1310
SBTV: Music,4724
SpeirsTheAmazingHD,4005
Scott Gairdner,44
Mirchi Plus,7767
Galatta Pink,29307
Rainimator,58
Dancehall Reggae TV,3420
LegitEliminator,520
CS50,2349
New Trailer Buzz,4074
Klem Family,3562
Vincent Gao,2907
Jacob Colvin,1167
Way2go தமிழ்,586
Bloop! Play,15
vines squad,60
Punch Newspapers,3253
Channels Television,237647
Shemaroo Telugu,16100
Blade HQ,1712
Simply Kel,996
FastLaneDaily,2601
IOF - Hindi,1782
Kathryn Ann,12
Love Island,4180
The Script,260
PushedToInsanity,628
The Dead South,528
Indy Mogul,1148
Jelly Roll,529
Sumit Patil,495
Anwar Rasheed Entertainment Official,52
DamnFam!,102
Hmm!,1931
HD FL,60
Jake Mitchell,399
Top Shot Dustin ,657
Tripwire,399
MPG Music,115
Sketch,2114
Rob Chapman,2240
TNT Sports Football,14826
Hanin Dhiya,914
Best Sports HL,13
MR. TITANIUM,42
XEETECHCARE,5165
TRT World,64359
Megan's World,220
Robin Seplut,4728
kirfin,123
Wonder Quest,0
Reza & Puja Khan,977
WizzLearning,0
VevoDSCVR,1328
Out of Focus,695
FilmCore,43
Jack and Jane,0
The Hamilton Collection,267
ONE FOR ISRAEL Ministry,823
Hanala Sagal,404
Washington Post,25290
Sivaangi Vlogs,204
Styxhexenhammer666,11333
Mutual UFO Network (MUFON),559
Friesian Horses,1991
RUTURAJ VFX,19
Clash Apolon,44
Little Lia,108
GoArmy,524
Giant Bully Pitbulls Rasit Kaplan,335
Anish Giri,365
Alex Angel,2054
Mary Cherry,1173
Desi Vibe,15
New Vision Bd,96
InShane Gaming,2543
MrLowlander,798
Pask Makes,273
Mazda USA,916
Angle Music,14222
LayedBakDFR,2476
Chef Cat ChangAn ,606
Shehbaaz khan ,470
DIYlover,141
FilmSpot Trailer,4611
Epic Compilation TV,169
Loic Suberville,283
Chloe Szep,112
shotokankataman,24
Dragoon,284
David Pakman Show,40842
Ankur Narula Ministries,7951
bitbird,1220
YoursTruly VJ,783
TechBuilder,70
Lisi 4300,28
Suhani Shah,622
Claudius Vertesi,850
JelloApocalypse,196
True Root Records,61
Dhruba TV,4613
DGN Driving,892
koyation,31
ChuChuTV Storytime for Kids,500
Jack Payne,1087
Wils Pat,704
EFlashApps,154
mr-fix,1371
Stauffer Garage,409
Oscar's Funny World,852
Jay Swingler,104
Stephen Curry,179
JoJo Siwa,717
Fiddy,36
Sathya Jyothi Films,789
Bros Of Decay,530
Facebook,168
ALEX HAYES,267
Mr Frestea,529
The Happos Family,391
4 your kids,115
Obayd Fox | عبيد فوكس,55
TheProGamerJay,19
CGTN,142531
Food Talkies,350
FUNNY WORLD,32
Top 10 Archive,1051
MrMEOLA,4469
SMii7Y,1340
Feekky TV,601
Aj Greene,316
Hyundai N Worldwide,462
MJ5 Official,348
Undecided with Matt Ferrell,385
CarBuzz,1493
h3h3Productions,279
9 News Australia,42210
Love Nature,1753
MattG124,832
SFS Animation,43
UCLA Athletics,7373
NothingButAmazing,94
Hasan Minhaj,314
Cornell Lab Bird Cams,5915
Cine Sansaar,90
Wonderbot Animals,2601
IIHS,1667
TheYankeeMarshal,6720
inselvideo,1020
TIME,14518
Clay Kamilla,1313
DIY Kreativ,1
Canon ANZ,404
Funtastic Films,24
Perun,288
Odisha Reporter,134779
NickandCarrie,1619
ImKibitz,1270
Game Score Fanfare,31
Telugu Filmnagar,38350
Lemon Craft,1266
The Detail Geek,1216
RoyalLife CZ,263
TFLoffroad,1131
The Comments Section,3835
Hombale Films,2781
Resh,33
AbisLifestyle,20
Sci-Fi Central,1160
Doctor Mike Diamonds,1097
Growey,563
Little Kuriboh,619
Erica Griffin,701
Gabe and Garrett Kids,30
5-Minute Crafts HOUSE,3676
Your Discovery Science,272
i-dle (아이들),2003
My name is Byf,2061
Electro Beats,149
Skaymen Music,21
MicBergsma,2462
CADE Media,1860
THE HANNIBAL TV,18435
PSV,8604
T-Series,24553
Mixer World,8571
cvdzijden - Supercar Videos,3489
tyler shelton,6
NichLmao Gaming,41
Srkcycles,2556
Anne Frank House,155
Mishri Hindi HD Movies,12
Disney UK,2129
Teacher's Tech,482
HskyArt,3385
Dax,1597
PlayToys,1012
Advance Auto Parts,416
CafCu Media,52
Off The Ranch,181
ESNEWS,142788
Village Show - Mix,656
Islamic Solution,461
Drumsy,637
Insanegaz,672
VOLTRON,265
Journeyman Pictures,9042
Jeep,132
Adam Something,160
Paolo fromTOKYO,530
shadab5star,1397
Kolanii,36
Doctor Youn,2027
Simple Beauty Secrets,350
LegalEagle,821
SPOTLIGHT,296
Webb Family Music,54
Motherboard,425
Krinkels,55
Kleiner Pixel,325
Dr Jiajia & BigBro's Show,212
Morphle TV,1999
Babeez TV,37
Intellipaat,5215
Hind Sagar,152
Zeurel,49
Explore Gadgets,852
theScore esports,7549
ErikTheElectric,1031
Tyler Stalman,306
Scenic Relaxation Film Music,1
JABBAWOCKEEZ OFFICIAL,244
Tyrodin,220
Rangoli by jyoti Rathod,2719
Awesome TV,16
RainbowToyTocToc,142
Cleveland Metroparks Zoo,383
Yuvraj K Videos ,32
JEEZY,248
Glarses,82
Finger Family Songs,206
KuchenTV,1709
Insane Prankster,94
Gem Tunes Punjabi,4473
ACL – Australian Christian Lobby,350
Auto Express,2082
How to ADHD,464
BodyFit By Amy,1958
Bollywood Premium,1359
Eddsworld,108
Blue Beat Bhojpuri,104
ChillinIt420,41
TC Rail,104
Dankwheelie,800
The Wall Street Journal,28337
Arlin Vlogger Tech,1395
Media Masters,5359
Newsfirst Sri Lanka,316161
Acura,720
Booking.com,91
Simran Sahni,2553
knobbelboy,196
Maddock Films,1340
MOTIONHAUS,55
Madani Channel,57967
Best Story TV,377
Tekno Dimension,1900
brewstewfilms,219
Moretoki,51
GingerPale,105
Sparkle Spice,1245
ncaoai47,4199
Visit The USA,775
NVIDIA,2410
滾石唱片 ROCK RECORDS,6761
The World Adventures हिन्दी,1189
I am Maru.,2124
RZD,81
Amosdoll Music,11504
Sapnap,41
NikeWomen,24
Williamson FC,813
DrScrew,42
chありじゃむ,606
RoyalJordanian,1225
samuraiguitarist,702
Sleep Easy Relax - Keith Smith,1082
Dhruva Aliman Music,92
LsMeme,89
DangerTV,1981
Kahlen Barry,379
Nikki Lilly,461
KADAK,48613
Topper Guild,1290
Baby Queen,24
DEV and KIER,16
CWE India,6915
Vhenyfire Animatics 🔥,12
Brendan Kavanagh,3021
ECKOSOLDIER,9023
IndiaGlitz Tamil,54245
Cosmo,118
Bamb Beats,176
FarFromAverage,963
danielharrison,101
Boats vs Haulover,735
TBAG [Epic Gaming],701
Melody Time - Moonbug Kids Songs,1849
Grjngo - Western Movies,902
[rescue911.eu] - worldwide emergency responses,5294
thymark,317
Dom,122
Saint,15
রহস্যনূর,96
Jonna Jinton,672
DailyTrendz,72
NTM Cinemas,4429
Woolly and Tig Official Channel,1262
Gunnar Deatherage,306
bill wurtz,435
채널 NCT DAILY,467
Glitch,1116
Dan Patrick Show,30042
John Maclean,94
Hard Recordzz,1120
Justin Timberlake,28
Magizhchi Media,12
Miss Matured,980
UnstoppableLuck,256
YAPTV,259
Vlotour Japan,274
FitnessBlender,1770
Problem Solved,1185
NOVA FM,21703
Olivia Jade,127
The Donald Sings,4
Christian Merck Grey,532
ENHYPEN,2184
360Jeezy,1751
GT Hindi,1544
Bolly Action,2033
Oddly Satisfying Therapy,200
Raina Mermaid,2683
Pihoozz,613
Stokes Twins,392
Red Arcade,1470
HZHtube Kids Fun,1369
Incognito Mode,54
TheUnlockr,1506
First Toons,944
inactive.,21
musicTap,668
Shawn Mendes,191
Mr. Faisu,637
WigoFellas,391
veproject1,284
furulevi,4893
Simply Nikki,79
Waqas Pardesi,106
Chonnyday,649
Butters The Bean,7848
N&A productions,725
Ozzy Man Reviews,1132
GRLVEVO,10
Cadbury 5 Star India,264
CommunityGame,6476
Birthday Candy Land Art,1048
Barvina Sport,42
Jaspreet Singh,82
Mini Ladd,1415
Joe Santagato,271
Crowbcat,65
8D TUNES,1622
AnimalWised,1215
Cartoon Network Australia,3012
Mrwhosetheboss Plus,186
I'm Jonas,230
ii music,9
Workout Music Service,321
Clash of clans - Godson,3025
Platinium,9
Art for Kids Hub,3068
strafefox,145
WildDogXD,163
United White Flag,445
Hornstromp Toon,209
Sargis Ghazaryan,38
Fun-Easy Crafts,274
Fotty Seven,86
Eddie Woo,5019
Horchata Soto,1048
Tokyosaurus,573
Mariam Mokhtar Admrl-Gen (rebuildingmalaysia),490
Ishtar Bhojpuri,994
Epicurious,1743
MatMicMar,692
Andrey Gusev,25
CadillacArabia,79
Film Riot,1264
KateReadsBooks,82
Namee Park,551
Wrestling WorldZ,9
FightSmartTrav,27
Infinity Live ,459
SootHouse,112
Peppa Videos,1729
ASMR Videos 4U,444
Alexander Babu,292
1-800-LOVE-U,658
Peace of Mind TV,11505
Preity प्रेरणा,1032
Simon Super Rabbit [English],1040
abi talent,12
Now You Know It,346
Hizzer Edits,46
Linor Oren - Online singing teacher,227
IQ Quirks Giggles,0
Titans Volleyball,2628
Madras Samayal,944
AtheneWins,327
John Heisz - I Build It,634
YPD New World,122
Calbel,1439
Dave Durham,741
HumbleMechanic,1096
퇴경아 약먹자,807
दमदार साउथ मूव्हीस,458
JoBlo Movie Network,5044
Fab Rats,768
Ultimate Revolt,72
FRASH,769
The Vibe Guide,4498
Animal Equality,472
Box Yourself,472
Shadiversity,1108
Cebu Pacific Air,567
ToonFirst,5047
RobinThickeVEVO,69
Cassidy McGill,188
FaZe Sway,872
Bob & Brad,4938
MehdinaTV,1875
YouFishTV,457
FR. DOMINIC VALANMANAL OFFICIAL,1467
Jaltoid,73
Super GT,2288
Navin Khambhala #crazyNK,72
HouseOfAjebo,521
Dillon,60
TAFECorporate,222
Shady Shae,491
서은일상이야기,511
Bazylland - Tractors & Excavators,1031
Strawberry Jam Toys,896
The Baby Gang,655
डिजिटल टीवी,339
Fresonis,998
Cameron Niemela,359
FV Disco,27
Disney Australia & New Zealand,1627
Totally Handy,681
Mentour Now!,236
Mantra Science,1894
We Wear Cute,3195
DSS Production The official,660
NEGAS,1363
Billie Eilish,170
Baddi Eddi,5063
Amyy Woahh,1570
Hindustan Gamer Loggy,1917
Friendly Space Ninja,79
Girliyapa,550
Iggy Azalea,112
Senidah,30
Attaché,121
World Athletics,7897
Drawing World,289
Studio100 KIDS,1655
Tubbo,62
Shenpai,422
Better Ideas,122
NateGotKeys,313
Steve Reviews,155
ProfessorBiggy,29
Smile 2 Jannah,1874
FilmIsNow Movies,10284
Jamilkucing TV,10520
Skid Kids,2848
Sathiyam News,199750
Science Day,42
Vader's Fortress,1008
Easy German,1459
Adrian Chong,2868
CHVSE,127
VISIT FLORIDA,988
OLIDA  Vlogs and Vines,1011
AldosWorld TV,1734
Mad Artist Publishing CGI & Films,787
Teeter Taught Animation - Learning Videos for Kids,88
Verge Science,111
DCD Odia,2439
urmila,115
Magnus Midtbø,458
Lunchbox,187
EddieVR,252
Blue Beat Studios,70
Guitar Lessons Bobby Crispy   ,1080
Biographics,807
POWERNATION,3249
Honor India,597
US Digital,46
Bionic,938
Holo Taco,1254
Talis,18
FrediSaalAnimations,171
Maangchi,589
Action Lab Shorts,599
MB Music,484
FeelTheBeat,56
Chrysler,52
MicklePickle,131
BAPSChannel,7182
Cardi B,198
Real Crime,1061
Rumble Viral,26175
Alfred Chan,474
Nanasei Opoku-Sarkodie,4801
Simon's Cat,656
Cool Worlds,253
Big Truck Big RV,3390
amazon,388
Andy's Fishing Wild Cook,600
Feid,169
Victor Losev,87
BlobVanDam,26
International Animal Rescue IAR,817
Machines for Kids,26
Shino Roblox,1128
Lt. Eddy Games,440
Samsung Philippines,1998
TopThink,623
Berd,960
Don's Family Vacations,3177
AminOnPC,371
Olivia Rodrigo,93
Imaginative Guy,192
Watch Punjabi,11
Vrushabhadri Productions,11
Dilpreet Dhillon,13
growwithjo,483
Zulushi,596
Aviation Channel 2010,1294
Nexa Experience,1379
the chess nerd,1460
Natural Cures,3028
jana soss,330
घमु Saran,2512
Rebecca Zamolo Too,418
iTankid,604
With Love Nagaraj Sangeetha,1413
Yoga with Kassandra,983
BonusTank,475
News18 Odia,311593
Shemaroo Bhakti Darshan,9974
TheDooo,384
Kevduit,815
Fortnite Focus,702
GontaGantiHape,2604
Cong TV,585
Max Tech,1976
Lit Creations,187
Uyen Ninh,996
NFrealmusic,32
Hindi Clipz,31
Relaxing Nature In 4K,424
1 2 3 Create!,36
optimum,699
Audi,399
ShotCut Cinema,1
SaffronBarkerVlogs,896
SweetoTOONS,72
Anwar Jibawi,957
CarsandCameras,1015
vpro documentary,437
GirlsTToyZZ,1240
Olli43,2999
Amp World,1562
Gk Track,1003
Ligue 1 McDonald’s,19471
Jallow,29
Screen Bites,1816
Lenarr Young,482
drawholic,481
Zachary Ryan,422
Sub Zero Project,173
Techupdate,280
shuaib011,882
KADR TV,35
Cute Life Hacks,113
FK Films,109
Prof K Nageshwar,22111
Graser,3406
Samara Games,1326
Mark Apsolon,247
Jeffrey Bui,1098
TheAtlanticCraft,4203
Startup Division,49
Hope Media Network - ECD,2267
Magical Gamer,1942
Original Skateboards,421
Abhishek Upmanyu,20
Flicks And The City,1878
BLACKHAND,61
Syed Shah,43
Jaume Soler Movies,1919
MoisKeller,42
Wowhobbs,3214
MERO,88
Robin Lewis Makes,120
Telugu techworld,944
Score 90,108
Gagan Nirman,26
"BabyFirst Learn Colors, ABCs, Rhymes & More",1394
RelianceEntertainment,4737
ZONEofTECH,1909
Mahathalli,1076
The Legend of Maula Jatt Official Channel,11
Alex Clark,459
Sothanaigal,260
Hang Meas HDTV,11239
Shan Ali TV,773
A Disney World After All,1294
멜봉 네덜란드 MelBong,389
Andrew Baena,1298
Aaj Tak HD,96867
Himesh Reshammiya Melodies,819
Jennifer Terri,690
THE NEXT STEP,1562
Sidhu & Shreya,320
UV Creations,1145
Jorge Masvidal,305
Play DMF,1088
Desh TV News,94949
Think SSC,76
Jesse,323
Danny Casale,415
Steve Wallis Step 2,31
WE tv,10488
NTV Bangla Movie,110
IR GAMES,2478
Adele,15
CBS Mornings,48427
TheCGBros,5485
Baby Shark - Pinkfong Kids’ Songs & Stories,3677
Rogue Fitness,2645
iGyaan,2441
Bethel,1737
SciManDan,1747
Aaron Fraser-Nash,1152
Taarak Mehta Ka Ooltah Chashmah Episodes,16657
Pokémon Asia Official (Hindi),580
Toon Tv English - Nursery rhymes & Baby Songs,60
SBSKPOP X INKIGAYO,39391
SimpleNailArtDesigns,36
Opera,214
Whitney Avalon,117
Sarah Silverman,261
blanc,2429
Christina Aguilera,104
Flatlife,129
REVEALING EYES,1077
Black Opal Direct,553
Nutshell Animations,3612
Sandaisy,309
Techno Craz,285
Chanzes,253
bhukkad dilli ke,1536
Hungry Foods,80
Dove TV,5831
R3HAB,735
Mahar,5174
FRIENDS WITH MONEY,12
Ganesh Raghav,1169
VEM COM OZEIAS NA CONSTRUÇÃO,1193
Life Hacks & Experiments,1318
Tan Dulce by Grisel,143
Sam's Fitness - Gym Equipment,1387
Legacy,6942
Lance Stewart,1263
Eastwood Company,2985
Funny Angulia,60
The Rush Fam,1214
Tingman,590
Red,459
Home Built By Jeff,804
HoomanTV,65
Namma Bhoomi Namma Samy,3101
Austin Mahone,538
LandRoverMENA,361
Wouter Corduwener,796
Funda Curry,5
Vijay Ideas,1704
NeverNotFlying by Sieto,75
トックリ00 物語　~ by Kiyo ~,71
Tell It Animated,79
The New Africa Channel,1094
Gina Shkeda,30
Lisa Nguyen,2766
Ben Simmons,39
Toy Tastic,362
Live Hindi,801
FriendlyMachine,2390
The Plain Bagel,255
REWA Technology,1637
OGENE,34
BacKoFFmyJanKz,1504
ItsYeBoi,581
GioFilms,410
Lil Nas X,60
Mystics of India,209
EYE Vision,1768
Dream Team House Music,1987
elephantnews,1263
Cordylobia Anthropophaga,119
Bazzi,105
Les Do Makeup,440
History of the Universe,51
chessbrah,2684
BradDoesBanter,43
Mister Hamster,20
Lomby Shorts,487
Song of Solomon Ministries,55
Jordan Boostmaster,497
Arjyou,84
Jeny_Punker,171
The Studio,181
Sargis Abrahamyan,12
Ronald Kurzawa,10
Variety Media,6205
Kyoot,2304
Audun Ommedal,62
Unisport,4039
Irfan Malik,8
60 Minutes,4265
The Kids' Picture Show,422
Brooks,23
Let's Crack UPSC CSE,21099
FRED,189
Moonbug Kids - Sing Along With Me!,2005
Mark Felton Productions,929
Daryusuke,0
MinuteVideos,343
tonesterpaints,101
Kia India,880
Dr. Josh Axe,2424
Paw Paw Kids Song,71
Minecraft Iron,368
Elle Mills,66
dodgerfilms,2744
Mr. Ax : The BackBencher Experiment,515
UnknownWW2InColor,439
Adam Mage,6
Average Indian,68
Kasodus,33
Ruby Golani,191
S R hack,7128
Tech Timmers,877
Discover Lexus,127
Мирошка ТВ,5
Sidharth TV,34524
Random Hands,155
Mango TV Shows Tamil,1066
Peaceful Cuisine,519
Flexiny,473
Kasey The Golden,748
Film Learnin,605
NBA Insider,75
UNSW,2084
Mango Videos,12792
iSportZone,2416
Ovela,4196
iSur Studios,389
Jess Bunty,234
Zay Hilfiger,226
Emzotic,241
Macaque News,1115
Jordan Kilganon,606
Reckless Comedy,937
Sean Hogan,115
Spiritual Mantra,1995
Filmy Facts News,750
Naisa Alifia Yuriza (N.A.Y),243
Sky Sports F1,4828
CoComelon JJ's Animal Time - Nursery Rhymes,1262
Absolute Motivation,1478
Mr Bean World,2221
mr growth,583
TheMusicHour,477
ARN MUSIC,18
Aghori Max,817
Jessica Kellgren-Fozard,1275
Billy Bricks - WildBrain,881
KidsOne Hindi,1276
Spill,500
NintendoBlackCrisis,228
Mahaa News,335573
The New Travel,449
AntsCanada,805
Zee Cinema,2565
Vikinger,753
The Redmen TV,10385
Sanjib Parajuli,159
Joe Albanese,3401
Zee Keralam,66937
Jaya Plus,198182
EEVblog2,1436
GameRiot,9903
The Rock Room,17
TechBurner Shorts,735
GRRRLTRAVELER | Christine Kaaloa,564
Moviebox Record Label,2208
ProjectClarity,76
Dolan Twins,311
Funny Ki Vines,38
Florida Georgia Line,101
Peppa Pig and Friends,3568
Gaither Music TV,1028
Glen And Friends Cooking,2112
Taylor Shawn,101
Priyanka Jazmin,1175
Scammer Payback,853
Hosico Cat,909
24 News BD,1407
Mr Hanan,130
Guru Mann Fitness,486
Patry Jordan English,181
Ron Wright,2948
Ryans Stuff,1690
CBS Sports,35419
The Post Apocalyptic Inventor,246
DJ Marcus,47
Matthew Encina,74
Kyous,417
Cute Life,158
Creventic Motorsports TV,898
Take Part,1027
YG,90
2nacheki,3420
Crypto NWO,283
Japanese Food Craftsman,1454
MARIANO DI VAIO,158
Men and Motors,6627
Shane Nagy,5810
ClevverTV,9339
MizzimaTV,68617
Totally Spies!,1039
Dan-O’s Seasoning,2060
Black Hole Recordings,13581
O.T. Genasis,59
Applied Science,273
EEVblog,2082
MarioNevJr,27
B. Dylan Hollis,149
channel48,3850
EatMyClick,50
BloodhoundGangVEVO,22
Ali As,170
Cherdleys,1173
Kurt Haas,105
GOAL,8800
Samination,320
Ayra Starr,160
Birdbox Studio,25
PinkSheep,591
Life To Love,254
"SaraBeautyCorner - DIY, Comedy, Makeup, Nail Art",302
Bible Illustrated,374
The Alternative Hypothesis,16
RockCityVEVO,22
FIKRA DECOR,459
RealHit,720
Garden Answer,2650
Mariah Carey,172
TheCrazyGorilla,705
Oneindia News,70144
Dota Watafak,1574
Generation Challenge,27
Anabolic Beatz,1288
X10sive shorts,187
Aust,25
Carter Kench,1083
This Old Tony,229
CBS New York,161144
Anthony Sommer,206
"마님파이브 Manim Five Co.,Ltd.",1156
ezY,30
ToyFamily,2
Jaz Hand,729
Chhama Tiwari ,220
SciShow,4001
AussieAntics,1269
Jannat Zubair Rahmani,224
Lil Lano,99
Sailing SV Delos,704
Womens Workout Channel,888
The19Tommy85,748
KLT Anatomy,384
KRIK KRIK,166
Sailing La Vagabonde,645
Andrew Wrangell Music,223
Chintu Toons,170
iPanda,11985
Wilde Westen,325
UrAvgConsumer,1380
benjyfishy,504
Mocha,0
Laura Lee,1183
Raj Grover,716
AD ITRENDING,28
Oneindia Tamil,37695
Bloomberg Television,85397
The Mystica Land,5539
diyafavas_official,1027
Gates Foundation,965
Science and fun,773
Zack D. Films,2388
Gaadiwaadi.com,586
Element Animation 2,29
Whistle,5257
Michael Rizzi,267
Bollywood Samachar,1989
MONEY TALKS WIRELESS,2345
Gearmark.TV,33
Crazy Cody's Creatures,767
Evolve,1550
Spacebound,158
Shut Up & Sit Down,649
BeastBoyShub,2040
Rich Piana,653
Videogyan Shows - Cartoon Animation For Kids,1213
NitPix,37
Realistic Craft,385
KCAL News,102299
ArcadeGaming,1508
GMD GAMES,188
VK News,52508
PUMA,1051
The Gabbie Show,117
Zeltik,430
Pyrobot,12
Sarah Sarosh,1928
Bestintheworld,1766
KamuiCosplay,496
Meshwa Films,1513
Paul's Hardware,1767
RÜFÜS DU SOL,193
Kiran Family Official,8597
Apron,593
ChuChuTV Bangla,460
Shravan Kotha,65
Jay Sea,781
Asmongold TV  ,6288
Vodafone Qatar,1236
Upworthy,291
Michelle Dy,652
Minidisco | Kids Songs,1084
Black Beard Projects,434
Rugby World Cup,10134
CandyEvie,366
iFutGol,200
Hobbie Stuart,63
Nothing,574
Shudh Desi Gaane,30
The Inspired Unemployed,246
Tails And Sonic Pals,387
Ellie Watson,167
BlueJay,45
KBS 트래블-걸어서 세계속으로,12220
Sony Electronics Asia Pacific,1035
I Love Islam - أحب الإسلام,101
Dodo Kids,758
Autoportal,1357
Sick Puppy 4x4 Adventures,109
Casey Aonso,197
YouTube Social Impact,34
Company Man,446
IND News,1727
EDM City,872
Art Space,230
Domino Girl,6780
SwaySounnds,1270
easy rangoli,7087
MitchellReactsVlogs,2255
Tools In Action,2492
Shararti Billa,17
Jessica Vu,173
Kahani Har Ghar Ki by Kidlogics,2300
Ken Ham,832
Looper,9339
Chaotic,2379
ilysm Nails,1979
OFF The NEWS,16
BabiezTV Funny,216
Epic Machines,5951
PigPong,280
life + lyrics,2251
Jason Stephenson - Guided Sleep Meditation ,965
mlpstopmotion,336
Abipop,193
Adam Saleh,77
Wissam Seif,48
BikeRadar,2831
Mango Telugu Cinema,24467
TheSportsEntertainer,1419
Dodoeu,79
Wristwatch Revival,309
Patricia Bright,1039
Mercedes-AMG,582
emgo316,5425
Nicole Tv,162
Anishka Khantwaal,269
Wow Kidz Bangla,1533
HIGH OCTANE FILMS,2849
Hakim,138
Aussie Four Wheelers,256
Munnik TV,5
MassageASMR,835
apandah,118
Jayden Rodrigues,391
Live Smarter,15
Family Gaming SHORTS,220
필리핀 한량 hanRyang,246
Aditya Music PLAYBACK,4701
Dansky,829
DMAXRYNO,1284
TDC,1303
The Irrepressibles,117
JONATHAN GAMING,501
Vicinity360,325
Smequle,1628
Mike + The Mechanics,99
TeaTime,139
Leopard Gecko,1133
London Grammar,89
Bailey Spinn,2164
Get Handles Basketball,2840
Upshall,1754
P Money,33
WallEast,17
Katie Souza,2078
HipHopDX,5305
Aamchi Mumbai,1281
Calum Scott,310
LouBegaVEVO,10
LOL Network,1502
ESPN UK,15566
KLM Royal Dutch Airlines,920
Elite Dolls,264
Retro Ryno,72
Kawaii Kunicorn,860
Flowers TV,15752
Solaroo,94
Do It With Dan,1290
Prabhubhakti Astro,2038
CreekValleyCritters,398
Tech Master Shorts,1357
Venus Angelic Official,369
Doobydobap,443
ReNo9Prod,31
JohnFMTV,3677
Bollywood Chronicle,27944
SC Reviews,144
Wanderers Live,396
Video Palace,1086
Rajat chauhan,209
Key Glock,135
Warthog Defense,4271
SteveAATW,733
Mahendras : Online Videos For Govt. Exams,33511
Mercedes-Benz,2385
WestJet,622
Balchhi Dhurbe,470
Pro:Direct Soccer,2032
flashdeckanims,13
Viva La Dirt League,2927
KickThePj,537
SMii7Yplus,391
CrazyRussianHacker,2804
Expleened (Storymode),32
Vismai Food,2150
mau,1016
Weylie Hoang,393
Sports Central by DRM,50247
Tove Lo,358
American Heart Association,4396
Central Bass Boost,1761
sichenmakeupholic,107
Hodge Twins,3362
SkillTwins,236
the SUV geek,150
sunday,1597
SKITSFUL,4611
Football ,14
KMoments,1059
Great Gatsby the Corgi,33
ITzDecort,1985
Thomas Frank,281
Colgate India,1878
Michael Bublé,560
Blake Heal,107
ExplodingTNT,702
Everything TV,147
Jaaz Multimedia,931
LIV Music,7114
simple rangoli,3761
shaperka,113
Majically News,1655
itsRucka,300
LowkoTV,4963
ModernMom,1013
ICOEPR Productions,18
The Stig,80
Kong Pham,39
Relaxing Soundzzz,59
Eenakshi Entertainment,71
Casually Explained,99
DIY Queen,329
DNpro,15
Tennis TV,12675
Jordan Sweeto,247
Chevy Dude Shorts,372
More,10
Marc Gebauer,2001
Pink Pantsu,33
Cute Animals,6663
ABDI ASKARI TUBE,3742
Madelaine Petsch,1
my mechanics,55
NHL on ESPN,6376
TNT Sports,8670
Celina Sharma,120
RoomieOfficial,868
PHP,336
Land Rover,0
CarryisLive,1097
TheLoLHounds,495
Talk Islam,69
Jhankar Music,6035
GoldenApple | Minecraft Animations,10
Meghan Trainor,537
NGWorld,1347
Motivation Madness,355
Majorkill,1108
Modern Builds,315
Dixie Dirt Draggers,353
iKON,811
Huff Paranormal,700
Awesome Earthmovers,1713
G Series Bangla Natok,1513
Wendy Williams Show,448
Shirrako,12514
CDA FLIX,51
GTChannel,1066
Prashant Yadav ,754
Things Craft,0
OfficialCasperTNG,131
Quackity,235
Smart Trucking,1171
StarEevee,36
FACT BOY,1360
Warhammer,1147
Adobe Lightroom,858
TheHectorino,2626
Sun News,194755
Painful,1454
Spanky Cinema,1062
Syed Faqeer Haider,58
Paani Foundation,1815
Earthling Ed,380
PostmodernJukebox,466
Scientific Minds,244
Flicks And The City Clips,4103
TSN,16923
Kibitz and the Captain,46
suckerpinch,39
gbin21,123
Sculpture_Geek,52
Wanderers Hub,469
DAZN Boxing,8547
WTF1,1440
News18 MP Chhattisgarh,194833
Manaweblife,1938
NBC News,84142
Raleigh Link,552
Yoduvh Essentials,1347
West Coast Customs,440
Jesy Nelson,19
meade916,1950
Grace For Purpose Prayers,1761
Panzer Picture,777
AlanBeckerTutorials,67
Saam TV News,319995
xisumavoid,3772
Live To Worship,54
Patterrz,3774
Toy Baby,13
GAME OF MEMES 🐸,1
SM Sadiq Studio,2659
NewKew,848
olegcricket,14
The Shows Must Go On!,725
ExplainingComputers,634
kudvenkat,1854
Danielle Thé,19
Gam1ngNinja,1632
Bjørn Nyland,4344
Fabrizio Romano,1900
Girls On Top,21
KIDS Z FUN,368
Reigning Phoenix Music,578
Donnalyn,201
ChibiMangoxoxo,43
Gecko's Garage - Trucks For Children,1568
PhoneArena,7332
Blusher,397
Strength Arena,23
Primos Da Roleta,552
Get Germanized,1347
TestDriven,78
Nameless Shorts,10
Bing - Official Channel,696
getfitbyivana,755
forrestfire101,168
The Rock,401
For Kids TV,2717
Westie,3794
House Nation,2263
MoveOn,1796
iDubbbzTV2,54
Kay,2201
REGGAEDUBSCENE- Reggae/Dancehall /ska Music History,7368
NCT,1704
Jon Rettinger,5054
Cookies Inspiration,214
Asade Channel,15
Tfue,1182
vagabrothers,428
Future - Topic,1328
Make-A-Wish America,739
Legasus,60
Oasis,429
LoliRock,685
LuxuryPranks,43
Binging with Babish,1062
AKTK,1620
MiniminterExtra,2571
"Eri-TV, Eritrea (Official)",18883
Catfish and Carp,568
Meem Islamic,339
Health & Beauty Tips With Nisha,664
DC Kids International,2741
Tall Guy Car Reviews ,1201
Filmy Chaskaa,279
Fish Hunting Fishing,383
Danica DeCosto,1963
thejuicemedia,283
Harshdeep Ahuja,154
High Pressure Aviation Films,137
Landon,1345
Tom Rosenthal,217
PJ Harvey,43
simply rhaze,2983
Amrit Maan,163
Sur Music World,656
ACLU,1362
Anim8 Games,64
Ctop,3688
ATIF FC,459
McYum,57
Caillou - WildBrain,2994
Philips,5186
Relaxing White Noise,1191
USA Military Channel,2305
TheMoshayaFamily,297
Britney Spears,170
Redacted,5091
KittyPlays,969
Modern Muscle,218
Filmy Duniya,3687
BhavaniHD Movies,41136
BarsAndMelodyVEVO,10
rob,81
faydeetv,110
VarsityGaming,5392
Strictly Dumpling,917
Windies Cricket,3876
GameXplain,11893
DMsX LosTops,428
PLAZA,123
Noah & Lincoln,442
Bala Kirthi,828
travelfilmarchive,1478
Memefarm Rights Management,2133
VGS - Video Game Sophistry,4072
7NEWS Australia,28389
condsty,3339
Audio Library,3708
Luna,1960
ItsMyRayeRaye,336
NunReacts,904
Marvel Studios Movies,510
NAMASTE PLUS,56
Lvcas Dope,55
Meditation & Relaxation - Music channel,240
Gorgeous Movies,955
OpTic Pamaj,2763
Frimizen,104
Tanzeel Khan,94
EthioMod,20
Bangkok 112,801
Jooj Natu ENG,1216
Self Sufficient Me,856
Gerald Undone,384
Kavra Backup,10
Project Atticus | Our DIY Homestead,482
Dasha,206
Popcornflix,751
Denk0,445
TZ Hindi,51
NAVVEVO,33
Baby Animals World,10
Moonbug Kids - Kids Learning Videos,2200
Kyle Istook,1475
Wonder Of Stories,380
Crafter Aditi,1603
Exploring Abandoned Mines and Unusual Places,774
Senza Tempo Cane Corso,1700
Brat TV,1764
TheTrends Animated,1564
KATJA KRASAVICE MUSIC,51
Chirayu Payal Malik ,1448
Llama Arts,107
Phantaboulous,49
Void Gamer,849
Mistry MakeTool,388
EmKay,4296
Tamil Tech Central,161
JustsisTV,367
Indie Folk Central,182
Somewhat Awesome Games,6373
Major League Soccer,22147
sixtyfiveford,691
Jay Kapoor,871
Archie Hamilton Racing,947
CalebCity,278
Dane Boe,230
Graham Stephan,1323
Zanar Aesthetics,4446
The Fun Squad,597
Lance Thirtyacre,2046
Allen Pan,109
NTV Kenya,113936
Kara and Nate,1022
Mykoreandic,1155
LitCrypto,9
The Endless Adventure,942
Morphle’s Magic Universe - Kids Cartoon,1352
Malayali Vartha,104247
Something Witty Entertainment,247
8 Miles from Home,2324
VIDEOHOLIC,62
Cool Food,8
Tech of Tomorrow,1842
Seen Through Glass,1181
DragCarTV,327
MMA WORLD,1282
Chris Bumstead,797
Shaan Geo,211
SeaNanners Gaming Channel,1977
Super Siah,1167
DD News,118479
4WD Supacentre,1830
AsianCrush,1974
DRIVETRIBE,806
Benatar,180
Pakistani truck,670
BR Bhai,1345
Fun Place,184
Mighty Noob,1729
NorthGaming,107
muchelleb,493
Shree Krishna International,142
MobileTechReview,1926
AllAttack,248
Muslim Community Radio,1002
Aba N Preach,1346
seeVi la,2304
Mad Stuff With Rob,473
The Kazz Show,608
Little Ruby Rue,98
Jazza's Vlog,1055
TECH-iELA Shorts,723
Samsung Pakistan,1563
Car and Driver,1828
IFRC,2216
Broken Window Theory,239
"Amelia, Avelina & Akim",1042
EwE - Experiment Test,18
JentPlays,1201
LTT Game Nerf Guns,2735
EileMonty,0
Groove Records,34
RiChannel,370
Trap Crew,124
OnePath Network,1256
SalmanXavier,48
ABC News (Australia),104541
Asvi Malayalam,2560
Anesti Danelis,400
Scotty Kilmer,7107
DutchPilotGirl,121
FunnyMike Live,115
Billy X,296
AJTHEBOLD,103
Redline Reviews,2425
MARWEN NORDO,44
myLPSpetworld,182
Polly Pocket,2501
Artist Shikha Sharma,2271
JaySeanVEVO,29
Tamil Teazle,166
Thunderwatch,164
Jazza,1535
AstroSam,23
DJ DISCRETION,108
CobraEmergency,2501
ISRO Official,163
CranesEtcTV,1293
2B Gamer,274
nbaworthy,69
Outside Xtra,1528
Goodwood Road & Racing,3770
Biography,1633
Creator Maali,111
Cole and Marmalade,474
Jesse Heffels,1133
Koo Koo TV Bengali,1290
Ayesha's Kitchen,1734
Neo News,102161
Guldies,151
MovieGasm‍․com,2183
Rotten Tomatoes Indie,9812
undercoverdudes,1737
OfficialPradeepChapagain,64
The Office,1638
BushraAnsariOfficial,622
JackieMT,72
BLive Music,580
The Style Theorists,250
Andy Elliott Craft & Creations,142
20 Music,53
Nursery Rhymes for Babies - Moonbug Kids,2262
Saregama Telugu,8620
The Boys,762
Nat and Essie,313
DAZN Canada,5717
RnB Singing Lessons - Rached Hayek,1511
Who Your Best,4893
Sky Does Everything,2082
serv1ce,53
The Project,11534
Photonicinduction,169
ToyTocToc,55
PINAY USA ,3744
BoostLust,49
KHDfootball,129
Tony Crynight,223
Royal Music,2291
Tech YES City,2023
Ronnie7M,72
ZAZABoo TV,33
Gudu 005,67
SunrisersIPL,2272
LTT Nerf War,634
MotoJitsu®,605
ASUS,1967
Mahjabeen Ali,681
ZhasniMotivation,48
Lara Of Bosnia Save Our Planet,177
GoogleDoodles,151
NEVER TOO SMALL,603
Daddy Rimbaud,17
Brianna Renee,956
Village Vihari,519
Zaika Dilli 6,1168
Karate Kid & Cobra Kai,310
Fight Hub TV,26923
Aashqeen,319
FFUNTV,379
VOA Learning English,6504
Arnie Negrete,2704
Real Mechanic Stuff,166
Celcom Berhad,630
SilentoVEVO,67
AstroBackyard,368
Linda Raynier,212
Jason Aldean,478
TechRadar,2806
TRACKS - Travel Documentaries,852
Justt Ally,41
That's why MMA!,1099
Just Planes,3992
Kilian Bron,96
ESC Baig,947
juicystar07,627
THE BOAT SHOW,2804
IDLEGLANCE,2803
Bebexo,223
Mark Knopfler,575
Julie Prophetic,1477
Xefox Music,142
E- Spot Light,13
Soliloquy,55
Shemaroo Filmi Gaane,9648
johnlennon,271
Domo Wilson Music,31
Hamish & Andy,1289
SalmoN TheBrownFish,69
Кладовая Бэкста,1626
Arun Panwar,3166
Late Night with Seth Meyers,5957
Extreme Trends,272
DoubleClickDota2,1470
Import Race,2313
Fainted,26
Techno Ruhez,5225
Gurunathaa,71
Great Queens and Kings Family ,8545
CarsGuide,3061
noelle,58
JunsKitchen,53
Where's Chicky? - Cartoon in English,1679
TopMovieClips,416
FunFun Toy Doll TV,758
VTV Gujarati News and Beyond,186203
Adam Petroff,67
FunnyMike,1483
Earth 24,9258
Genius Production,51
Lex Clips,8586
BBlocks,152
Bars and Melody OFFICIAL,203
Sports Illustrated Swimsuit,2555
Jared Owen,116
Craftdan,54
Cricket SuperFans,3103
DJ ICE Dancesport Music,148
BCpov,312
BTS - Topic,519
The Engineering Mindset,307
Zee Marathi,174050
Zama Voice,462
Ty Moss,800
KITSCHKRIEG,132
Maaya Films,46
BEME News,180
Cine Digiplex,33
AlternateHistoryHub,285
Dhruv Rathee Vlogs,225
Timestorm Films,100
Overtime SZN,3216
Right Side Broadcasting Network,8290
Kaleidow,788
IAMCHINOVEVO,11
Wolfoo - Educational Videos Shorts ,236
TechRax,564
CBC Kids,4660
Meme mentom,547
Lolweapon,524
Cars.co.za,1309
Dice Media,459
Official Deep Kaur Shorts,1867
Queenwonyoung,167
Timmy White,22
BestInSlot,6026
Sernando,1074
Joel Creates,75
Roxy Boxy Channel,14
Oxidize,2
Joy Joy World,852
Chante,165
Boom Slime,7547
Sapphiamur,66
ZEE5,203629
The Grumps,301
Elgin,5664
Loup Solitaire,24
Brox Shorts,43
redminus,38
Formula,2343
Scrumdiddlyumptious,3026
TIFF Originals,5348
Subby,277
RS 1313 LIVE,11905
UNCOVER STORY ,565
Insider Tech,4346
Ian Boggs,1805
Indonesian Idol,403
Pakilinks News,38466
Justin Bieber - Topic,2449
Turn Music,25
SS Music,47702
Yeah Jaron,169
Anurag Dwivedi,15
FamousVideo,1774
Empire Of The Sun,127
Yrrah,1117
Tom and Mimi,1606
Aww Animals,172
Reveil TV SAT,2917
sbrebrown,2414
피식대학Psick Univ,2429
Tobuscus,659
মায়াজাল,803
Haggard Garage,225
MR. INDIAN HACKER Vlogs,160
Rachel Ballinger,1251
Pazjor,185
Tricky Maths Education Adda,823
Ciara,359
One Voice Children's Choir,293
Wild Journey,26
Little Z,655
Fantasy Football,31
Mescia Twins,466
DRJ Records Play,1644
Allana Davison,984
Anonymous Official,848
Vikkstar123HD,4067
Sander Bauwens,509
Muhammad Qaseem (M.Qaseem Photography),753
British GQ,0
DJ GIG,128
Oflow,1122
Daniel Kim,75
Cosplay Chris,813
Sanchita Mitra Shorts,278
Dr. Becky,466
clayitnow,306
BANG Music,125
التجمع الدولي لأصدقاء الحسون,206
rekjavicxxx,2613
Alan Thrall (Untamed Strength),714
MacDannyGun,1769
Dobre Cars,426
The Ninja Fam!,172
Massachusetts Institute of Technology (MIT),907
Magic Monk,2230
Jist,2211
Double Up Entertainment,84
jorjais,563
Malaysia Truly Asia,987
Bhìľwàŕà Bõÿś,9
Iliass TiiwTiiw,45
ALL IN,69
MacADVentures,121
Rich Brian,56
MotiveMax,172
The club,108
DAMO,721
stevecashblog,24
MrFudgeMonkeyz Studios,458
GunWebsites,5029
PK BIKES,1177
Bubblegummonsters,362
Emma Heesters,239
RØDE,1132
PuraVidaVideos,178
arunj224,775
CoCosToy 꼬꼬스토이,1040
Lilly Sabri,1409
Cottereau,26
Sparkles,2431
Atlas Genius,58
Museum of The Future متحف المستقبل,202
Big Bang Music,114
DropsteR,136
Fastoye,1882
Hashtag Mumbai News,250
OUTLORE with Eleanor Neale,331
Wildlife Footage,84
Cook With Fem,1500
DUST,1127
trivago,459
BabyTedster,95
Reader's Digest,2831
Doordarshan National,36559
SMOL WOW,4131
Chris Pirillo,8823
TechJoint,2824
Rule'm Sports,367
Kaspersky,1727
youngerdays,522
Jack Ü,36
Imbrandonfarris,1581
Rang TV,34120
truTVEps,1319
myco Sports,848
1A Auto: Repair Tips & Secrets Only Mechanics Know,9960
thedarkknightofsteel,796
Just One More Watch,1329
Bangla News,4980
The Wire,12424
Gungnir,394
Elissa,460
Baby's Adventure,400
HitoriVEGA,65
酷看獨播劇場 - KUKAN Drama Channel,13420
Taskmaster,1520
SETC,1550
Lana Rose,35
InstaGyan ,4088
SHAYTARDS,2887
SpeedyLio,793
YTSunny,4476
Lakewood Church,1983
Sarah Therese,288
DIY,343
Pencilmation Features,1260
Lauren Southern,124
T.I.,132
Danny Duncan,555
Sabrina Carpenter,194
CBBC,6782
Kirsty Partridge Art,353
Stillcraft Animations,21
GTA Series Videos,6260
花花与三猫 Cat Live,326
Cheru,514
Oggy Hindi - हिन्दी,889
Fame Focus,538
chuggaaconroy,3229
Node,1415
MICHAELHICKOXFilms,213
One More,4781
Mrunal Patel Unacademy,1113
Shahveer Jafry,550
Grill,31
Rayvanny,995
AJ Tracey,65
COPA90,612
NickV Ministries,3805
PAWsitive,77
March Madness,11445
Basheer Bashi Productions,23
HeyParis,663
TGG,979
rafipuff,111
Wah!Banana,653
F For Facts,263
Chocolate Entertainment,17
FUNwithPRASAD,1832
Sy TV,63
Camelworks,727
V.K.Y.,487
ThatWasEpic,386
Boram Tube Vlog [보람튜브 브이로그],271
RKD Prime Time,337
ICICI Bank,1683
Viki Global TV,3480
Hairstyle Tutorial,1595
Valuetainment,9994
Factshala,0
RealPars,469
Cookies Cupcakes and Cardio,497
Invisible People,1723
Tube Survival Wilderness,26
Live Hindustan,87067
Moose,3478
TheDiaryofJake,56
Huggbees,287
Fireship,763
Timelab Pro,127
Master Wong,3307
Idan David Animations,447
Eyewitness News ABC7NY,36472
Art of Engineering,22
Eran Amir,17
Greenpeace International,1105
CuteC3,68
Yuki Music,5377
Cookin Soul,385
Adam Ondra,292
MAD Science Hacks,61
TARANG MUSIC,4710
Okefenokee & Satilla Expeditions LLC,18
realme India,1632
Killem,157
Rishabh Pokhriyal,51
Netflix India,6086
Brut India,8855
Eric Davis,120
Bakchod BaBa Ji,148
Aayush ssm,1664
Shemaroo Bhakti,5318
Corridor Crew,1517
Filmi Indian,2022
Trade with Gayatri,1
Two Creative Chicks,68
Nicholas Renotte,317
Danielle Mansutti,46
Cooking tree 쿠킹트리,2313
Paralympic Games,21622
MTV AUSTRALIA,374
Gaia,5836
Symbio Wildlife Park,157
Magmuz,20
SUFISCORE,453
Electro-Light,84
Martin Karner,92
Sebuniel,134
Teen-Z,33
Fairy Tales and Stories for Kids,984
Zee Cine Awards,1347
IndiaMarvel,1205
Beast Philanthropy,68
Santa Studio,182
BYJU'S IAS,4434
New Jersey Outdoor Adventures,1679
The Frustrated Gamer,2921
Rachel's English,1613
AB TV Movies,37
MyNamesChai,13
SHANT TV Armenia,27460
Dahir Insaat,250
Lee Hardcastle,129
I Like To Make Stuff,580
Mercedes-Benz Middle East,527
William Wei,73
SpeedSilver,38
Amberry,515
Chanou Azmara,6
Amazing Toys & Colors Review,1864
Kauan Clash,12
YesSmartyPie,1101
MostTechy Shorts,685
Rabbert,86
Jugnu Kids - Nursery Rhymes and Best Baby Songs,5237
Thunderdome,286
Ayesha Curry,19
JAPAN Motorcade Police Car Fire Engine @trh200v1tr,1089
massadmusic,11
50 Cent,427
“獨生子的日常”YouTube官方頻道,779
Adventure,468
Savage Garage,348
War Robots [WR],644
BluMaan,513
Jack ManleyTV,10
123 GO! SCHOOL,1066
Kout,224
MJ2KALLDAY,454
Morris Time Cooking,636
Mercedes-Benz USA,1011
ESO,2283
Paint,44
Stan Browney,591
RIN,52
Beautiful Destinations,204
SV2,650
DJDiscoCat,1079
LM10,16
Shabab Alqithara | شباب القيثارة,1540
Any Given Day,27
TwisterNederland,22
TBJZL,1033
Marley,253
Raiyuden,3346
The Independent,37455
Tim Dessaint,194
The Hall of Advertising,4296
Macrame School,1156
LimeTube_Brasil,2380
dope2111,244
Explore Potohar,1400
Seniac,4726
Underwater Ireland,1667
World Surf League,20403
Louie The Beagle,707
The 85 South Comedy Show,2093
Roddy Ricch,94
Udayabharatham മലയാളം,1278
MEM,116
Andy Guitar,2161
DaBaby,247
BroScienceLife,354
Ice Cream Rolls,2486
Animalogic,816
Patty Shukla Kids TV - Children's songs,689
Michelle Crossan,224
Max Fosh,335
Food Wishes,2455
RcFrenzy,153
مصطفى عنبه _ Mostafa 3enba,32
Alphablocks,1828
Timeline - World History Documentaries,1235
LimeAndToys,2216
Hi-Tech Pakistani,141
Real Madrid,8110
Nouman Ali Khan - Official - Bayyinah,2172
Samcrac,529
1Rod1ReelFishing,614
Skill Up,1094
GameClips,2263
Craft Factory,2513
Elmi TV,0
OliviaRodrigoVEVO,81
Baumgartner Restoration,216
MechanicZ,240
dillongoo,126
Matt Lobster,48
A.M. Hoops,1347
Bob the Builder,1370
Under Armour,1147
Peppa Pig's Pretend Play,2500
Fiago,1039
Coffeezilla,533
Justin Schmidt,590
Five Finger Death Punch,356
Newsmax,54134
Islamic Guidance,1158
Amaury Guichon,462
VMComix,17
Conan Gray,264
Children's Hospital Los Angeles,519
Davis Diley,179
Tarish Music,18
RubberNinja,30
The Rest Of Us,23
Sami Media74,0
annablutube,52
Diana Belitskay,7065
spamsafe,518
Thugesh Unfiltered,356
shubhangi anand,1236
Wild Wolf Telugu,53575
Banijay Crime - Crime Documentary,1369
BIBO TOYS,616
RIPFILMS,49
Amazon Prime Video UK & IE,4016
Weird Stuff,2105
SAAIHALILINTAR,345
Twin Tag - Ayesha Firoz,1746
Jefferson Lab,275
radius,47
Mama with Babyma,2435
Mattjestic MultiGaming,1342
TopSpeedGermany,183
Axwell Λ Ingrosso,35
Made in Andhra Music,37
Trillion,3
Mellavelli,70
DRIVESHOW,11
BoatTube,8024
Public News,96792
Chev B.,675
Leo Slime,1112
KalashVEVO,24
mimiyuuuh,234
Aylo,72
SGCrawlers RC / MyHonchoSG,1347
Amazing Discoveries,1697
Sound Field,77
HYPEN - Tops & More,116
AstroLOLogy,1171
Michael Mwakibolwa 🇹🇿,152
Villatic Foods Official,273
Free Refills,330
Christoph Rehage,1255
SportsCenter NEXT,6868
The Cappening Channel,215
Chaos,7884
Ministry of Sound,2926
Coolest Thing,41
Prime Asia TV ,18818
Kids Play,709
Pardesi Squad,175
T-Series Regional,15166
TheToeBro,0
Welch Labs,129
SubSoul,1247
saint rebecca 📖,28
deefizzy,102
Nasher,1457
Armenia TV,6853
Grrt,2316
XOXO,11
Mr. GK,668
MattColbo,157
NickAMV,26
cark,30
iNerdSome,19
Professor Of How,377
PrincessPiaMiaVEVO,34
aloneintokyo,580
Moneytips,72
Jiemba Sands,690
The Lazy Studio,13
Lifebuoy Pakistan,199
Kid Channel,48
Bry,46
Soccer AM,1907
Cross I Bear,62
NileRed,393
Fox Business,83735
Madani Channel Urdu Live,1
ISSEI / いっせい,4058
xNestorio,1577
Artology,276
Oracle Red Bull Racing,1541
Fear: The Home Of Horror,1870
5-Minute Fun,57
Tiddlytubbies - WildBrain,784
Noob1234,43
Tasty Home,1745
Carbuyer,1027
Tani Malayali,892
Africa Wild Animals,99
WrzzerPlays,2
Davidjustinn Shorts,1026
Kunal monu,3294
Inder Chahal,45
Onespot Gaming,3002
Machine Fastest,273
GadgetMatch,884
24 News HD,208942
The Tribune,48867
Adriana Show,948
kesha,281
Angry Birds,3502
What If,1463
Mastar,965
MoBro94 Production,177
Tinker Man Mick,425
JPeltsi,711
Watch Me,1885
Crafting guys,38
ABC15 Arizona,117337
PW OnlyIAS,11407
Mr Creator ,313
McRooster,575
I'm the party,24
The Voice Global,1530
Jamie Zhu,165
Ford Racing,1044
BrainStuff - HowStuffWorks,297
Jeffrey Chang,45
Mayo Clinic,11865
I AM HARDSTYLE,603
Nandighosha TV,249010
Hildegard von Blingin',35
Truseneye92,104
Vyhodne,42
Kobra K.A.I.,2
GMC,397
Santa Cruz Bicycles,145
The king of DIY,1495
New Heights,2057
Mazz Tom,443
Spodermen,125
Live Insaan,671
Nomadic Fanatic,2068
GlitterForever17,509
Lion Animal,8
Explained In Hindi,69
Chipflake,143
VLOG ZONE 01,27
Tampa Bay 28,107093
Wayne Goss,1983
Dipika Ki Duniya,446
Chris Travels,255
Yanagi19871,126
Vanemas2,231
Kosh,74
secureteam10,1169
OmarIsuf,1510
CookingBomb 袁倩祎,624
Mechanical Principle,658
Total War,818
李子柒 Liziqi,131
Pretty Pastel Please,282
Storysium,81
MMA in SHORT,279
IVORIAN DOLL,18
GS DIY MAKER,1475
DIY Creators,216
TheVincentMottola (TVM),728
Bloomberg Originals,49255
WHAT'S INSIDE? FAMILY,810
Insider Food,2122
G-Eazy,391
DawinVEVO,24
EthGoesBOOM,956
Gringo Entertainments,236
Maasranga News,44375
DaMus,3853
VJ4rawr2,109
Doug the Pug,266
PAS Magic,2258
BassBoosterz ,228
CreedVEVO,14
Max and Katy,510
PTZtv,317
Jayas Kumar,144
Tech Horizon HD,50
Mern,119
Koopekool,727
Peekaboo Parrots,846
Mathologer,111
Praja Chaithanyam,12513
T7pro,64
boardnews / official,2129
USA Gymnastics,42590
Astrum,428
MrDalekJD,4952
Dennis Collins,512
Mood Makers,16
MAXADO FF,597
PBS Space Time,425
BBOY WORLD,4670
Skippy 6 Gaming,2647
SeanDoesMagic,861
Smash Stunts,91
Intellect Digest,2626
Facts Junkie,0
Pea Pea,0
Anas Officiel,26
Pencilmation Live,1684
Singga,265
Rowan Atkinson Live,97
Moonbug Kids - After School Club,2364
Revengeofthemask Film,12
GCN Racing,2206
Raikujo,36
TeaWap,25
Sam Golbach,228
Fun with Sara,31
SeaWattgaming,65
officialcricket,12
NTV Health,10938
Flywheel by Hani Musthafa,990
Bangla InfoTube,944
Ben Cristovao,211
JamJammies - Nursery Rhymes & Kids Songs,320
Chris Ramsay,1057
SevenTunes Entertainment,322
kellyclarksonVEVO,128
Naked Science,683
Kaidoz,116
Story Time Animated,824
Karwan-e-Kamran,1979
Madhuri Dixit Nene,88
Kandee Johnson,604
True Crime News,4330
INQUIRER.net,43974
Wayne,29
Bretman Rock,383
KaanPhod Music,4445
MTV India,17581
4 Heads,93
Top10List,85
Cơm Trắng,320
Baww,41
Architectural Digest,1116
Regular Car Reviews,1824
Howl Of A Dog,150
Yellow,626
MC STΔN  ,60
juniorpetjua,80
AndreasChoice,119
Mobile News 24,2740
Wildlife World,233
Journey to the Microcosmos,346
20th Century Studios AUNZ,639
Jake TheGardenSnake,1234
Radiohead,174
Dylan Anderson,3178
Aahil sonu,17
Gizzy Gazza Cartoons,1932
Make it Extreme Shorts,304
SmB Boxing,40
Motonosity,816
U1 Records,359
The Easter Egg Hunter,637
90 Second IQ Boosters,102
stop4game,1876
TheRubber,353
Invented Ideas,754
DP World Tour,4367
AKTV,170
MattyB727 - Car Videos,1324
Pedro Miranda,27
Rainy Bass,450
ournameismagicVEVO,53
"Beep Beep - DIY, Life Hacks, Pranks",35
Music Travel Love,112
Clevver Style,3139
Sahil Khan,408
AWESOME ANIMALS TV! ,557
ma ko,2444
Deny Montana,804
Dr. Glaucomflecken,470
Stefan Drury,668
DirtBike Lunatic,1374
Hope For Paws - Official Rescue Channel,849
Fantasy Blade,23
Uber Eats,936
Scotty's Gone Walkabout,136
Squidrito,74
Natural Ways,927
Jay Palfrey,101
Alan Chan,26837
Rap City,3692
ViralMediaTube,67
Adam Ragusea,678
GrandLineReview,1555
Kenny Sebastian,386
Dark anti,1079
Zendaya,30
Loose Women,14185
SupItsIgor,131
Will Tennyson,581
Saga Music Haryanvi,1871
Lunch Club,10
GhostNinja,2955
RobertIDK,901
VTA - Garden ART,122
JonTronShow,146
theScore,1793
Gateway Church,1292
Calvin & Habs,412
RealNewsBD,808
QualiaSoup (archive),12
Prince of Zimbabwe,20
Honest Game Trailers,2419
Mixed Reactions,295
Afghan Smart,2602
SomethingAnimal,521
Ultra Cinema,4440
Brendan van Son,1258
Grace Report,4154
Disneycollectorbr ,51
Dark Beauty Secrets,534
FOX Soccer,11641
maximemusqua,33
Lauren Allport,361
Juliana LePine,186
TPH MEDIA,1447
Joey Graceffa,2073
PsycheTruth,4347
জীবন-সমস্যার সমাধান,621
Ninja Official,213
Twins and Toys,566
Jasoprakas Debdas,6372
My Smart Support ,1846
Chikn Nuggit,719
Boishakhi Tv News,70879
TVOkids,4465
Nonstop,614
Josh -  Hindi Stories Comedy Videos,345
Captain,453
Chatty And Scatty,608
carlrogers,69
riserecords,4998
EthosLab,2558
MySabah,715
Dr Zakir Naik,5635
skillgaming,147981
The Weather Network,9235
Fathimas Curry World,807
Zomation,31
Korchach,95
More Gillian Bower,38
Bolly Kick,2425
Rtv News,164842
True Geordie,405
NoahJ456,4466
Deerstalker Pictures,418
savagegeese,1041
MoreMuselk,165
Carfection,1263
Drone Racing League,2604
MoreSidemen,1351
Life Of Crocodile,127
Jayden King (Canking),119
JohnNewmanVEVO,63
Real Men Real Style,2473
World War Two,1218
Crash Adams,967
Sonam Wangchuk,197
Anglo-Link,184
Creezy,38
BestAtNothing,394
HouseImprovements,485
ParanormalX,216
Creative Thinks Adventure,442
Rapid Trailer,4414
Major Hamster & Friends,108
Meet Arnold,484
South Main Auto LLC,1678
ChrisAwake,139
Cartoon Animals Family,43
Terso Isler,14
Sniperbuddy Fabi,44
Teletubbies - WildBrain,3576
Kleintjes,4
Rick Shiels Golf,2470
New Zealand Cricket,3362
Kiddiestv Bangla,225
WIZ COAL,1
CTL LYRICS - SIO,39
Yaseen Media,114
Sajjan Adeeb,160
Super Crazy Kids,372
Kaif,1156
Hometalk,1625
Green Ham Gaming,104
MadFit,1307
Project Farm,482
Summoning Salt,70
Bite Size Psych,37
Pipo,289
Czech Vibes Sound,1718
Rooster Time,4597
Jordan Sandhu,85
Cocomelon Slime,2533
Urdu Lab,918
Magic Compass,788
ZendayaVEVO,35
News Be Funny,62
OrokanaWorld,864
Chillhop Music,914
Blonded,26
Treyten Live,21
Rob Bob's Aquaponics & Backyard Farm,1258
Nouveau Riche Music,265
9to5Mac,2066
TheLoudDude,257
Kiloo Games,438
Aloona Larionova,174
Go Experimental,15
Lilifilm Official,26
Kolkata Knight Riders,3515
HaileeSteinfeldVEVO,52
DappyTKeys Piano Worship,522
Future House Cloud,6496
National Dastak,55153
JET Crew,132
EvenOut,595
Euro Football Daily,2394
HeavyMetalLyricss,101
Burna Boy,318
Pak Tv24,11219
Moto Stars,681
Goubtube,726
Kabul Fans,4101
CDawgVA,441
Temponaut Timelapse,608
The Overlap,1825
ChippyGaming,1333
Cineplex,434
KREW,31
NonStampCollector,71
BodyRock TV,2521
Brilliant Classics,2476
Monterey Bay Aquarium,1021
Denver7,92665
RITVIZ,58
The illest illuminator,2639
RichardGaleFilms,37
Mr Producer Animation,24
Lil Peep,205
OpenAI,383
EminemExplicit,67
Xyz Gyan,297
Fact Side,293
A&Ω Productions,322
HealthNut Nutrition,1353
goonzquad,1099
JacksonWangVEVO,10
edureka!,11771
LEVO,1227
Bobby Moore Funny,193
SCP Animated - Tales From The Foundation,76
Linges Blogs,1612
thirdphaseofmoon,3077
ImAllexx,502
Dhar Mann Studios,1729
Townsends,557
Gordo Drummer,248
MoosePlays,492
Remus Bujor,4549
Jordan McCann,67
Shemaroo Movie in Parts,9092
PBR,9390
Katya and Dima,440
ArsenalVideosHD,226
Zac Perna,763
HRzero8,31
Haramain,277
Mark Freeman #408,3248
King Science,22
GottaDoIndia,338
ShapeYOU,394
TALENTKINGHD,3441
All Blacks,9263
European truck spotting,209
Go4x4,182
平衡术-王业坤,0
Top Viral News,193
Miss Julina ,10
Olga Soby,671
Siasat Daily,13230
Oye it's Uncut,1693
Purina Pro Plan,292
Radio Tele Shalom,7634
The Ocean Cleanup,325
MenAtWorkVEVO,12
Homing Pigeon Races,29
Colby Brock,216
P110: Music,4812
Damn Seconds,805
ThreeDaysGraceVEVO,93
GmanLives,735
GTBOARD.com,9222
Cricbuzz,22504
Sierra Kidd,132
Crispy Hut,723
Gnawi,44
Genshin Impact,1698
FactoFusion,88
Omni 10 Games,171
Vigyan Tv India,117
TSTyoutube,309
Fru,91
Tata Motors,2928
Waggle TV,4878
Suyash Fashion,1066
Hatsy,467
Jagriti Khurana,71
Nelly Furtado,213
Raymar Football,160
Cleveland Clinic,6094
SocialPost TV,24504
JO Channel,272
ArtzLaxper,84
Tannar,812
Mateusz M,33
Defensive Offence,370
Freedom in Thought,81
Michelle Majuru,41
RCHeliJet,3645
Satisfying Cakes,2429
CineVibe Studio ,7
Awesome Machi,244
Naysy,609
RNLI,898
IVY Yashi Music,3294
Wisecrack,1181
Hobo Bros,1441
iLance7i,169
Arsenal,4862
Sky Tip Top CD Official,675
Chris Sails,11
GREENCROSS FOUNDATION,629
hoser,117
Minaj Khan Official,59
Dolly and Friends - USA,696
Little List Project,0
Neebs Gaming,3035
LALIGA EA SPORTS,51954
STRIKE AND DEFEND,99
SmurfingGhoul,21
Sustainable Human,464
Kids TV India Hindi Nursery Rhymes,2539
mgk,374
Caden MacDonald,1164
MY FIRST SHOW,64
MINDS EYE DESIGN,494
Monkey Daily,12
AiSh,291
HUBA후바,921
FaZe Banks,176
howtoPRANKitup,392
MiGFlug,247
Videogyan Telugu - Nursery Rhymes & Kids Songs,288
Squarespace,244
LawkSam,1491
Hunting with Stu,257
5-Minute Crafts TEENS,5763
Boy & Dragon - WildBrain,971
Midbeast,1145
SmallAnt Clips,1303
福茂唱片,2216
Tomas Pasie,141
KBDProductionsTV,2179
4 You Recipes,258
martincitopantsLIVE,63
SouljaBoyTellemVEVO,19
ELLA RECORDS,1089
GBNews,79134
Vitalius Space,1067
Nirami,4270
Lahore News HD,174209
Odin the German Shepherd,1589
Nicki Minaj,67
RKD Filmplex,184
Gyani Bol,8659
cavetown,324
CNET,23748
Sufiyan and Nida,2662
Hypixel Server for Minecraft,265
SMP Films,98
Gulzaar Chhaniwala,132
Alvin Zhou,12
The Church of Jesus Christ of Latter-day Saints,1352
JiDion,25
In-Ear Studio,52
Matt Chessco,196
Cameron Dallas,1
Michelle Choi,298
Molang,1454
CVP,27
Bella Fiori,492
Cimorelli,1276
Simplynessa15,1048
MasterClass,707
Idea Creative,844
Ben Morris,205
Real Responders,708
Pingu - Official Channel,724
ZigWheels,3114
Indisputable with Dr. Rashad Richey,15893
PinCode | KikoRiki,400
KMC News,4
My Singing Monsters,972
Crypto Baba,69
Pjdivya Official,1532
Learn French With Alexa,1337
Niomi Smart,464
Sab Kuchh Sekho Jano,3608
Haramain gifts,1222
Life of Hadil,103
TED Ideas Studio,288
Nike Football,192
Anna and Lucy,305
BBC Children in Need,261
Did you expect a name?,16
Polo G,87
Vancouver Sun,12645
Furious Pete Vlogs,1560
Tiger FurryEntertainment,274
Amber Scholl,725
2CELLOS,213
[햄지]Hamzy,1122
Dekap,3297
ThirtySecondsToMarsVEVO,45
Nancy Ajram,378
Cool Tool Shorts,3233
BlacktipH,721
JayZVEVO,57
Lumi_N0va,30
Wilbur,7
Deepak Facts 4U,758
The 8-Bit Guy,333
imrankhanworld,38
Nandu's World,555
Noah Kane,285
Grind Hard Plumbing Co,596
Corbin Maxey,1870
Alex Costa,1450
CarSutra,1349
Six Pack Shortcuts P4P,13
davidjellis,2383
Yummy Cookies,238
Stereokroma,34
PapadakisRacing,72
Shab's Creation,2084
Gumbys Imerial Media,227
Andante Records,304
ColdplayDaily,296
Steven He,776
Fireball Tool,505
Randumb,2308
Green Gold Kids,2525
Engineer BrunS,91
Domo Wilson,244
Baumi,6531
Ms Rachel - Toddler Learning Videos,119
Lucy Garland,132
Scorpions,702
Tech Guide,692
NutritionFacts.org,2964
Drag Media UK,1732
NerdMeme,31
The Castiel,11
Honestly by Tanmay Bhat,122
Lil Tjay,182
Mat Armstrong,501
PlayGuin,44
The Promise Official,8544
Drae,4632
Rhett & Link’s Wonderhole,435
Mylo the Cat,1651
TheHealthyCow,73
Red Leaf Music,142
VintageDawkins,818
Rovena Ibrahimi Official,52
Wunderbar Films,1381
Avocado Couple I Crazy Comics,946
AnimaSEA - Monsta,1344
BJS Music,25
FWFOriginals,138
Institute of Human Anatomy,903
Roy Jones Jr. Official,42
Netflix Is A Joke,4042
Steel Wool Studios,81
Kavitha Samayalarai கவிதா சமையலறை,1084
ScumHouse,56
Pixlriffs,1864
Freelee The BananaGirl,468
Wegz ويجز,71
Candide Thovex,52
Eben Ezer,8
Jimmy Barnes,171
Bilal Khan,197
Elvish yadav,195
Ron Spina,4061
Zuuks Games,69
MoneyBagg Yo,137
Mr. Benz,572
nature tv Lothar Lenz,14663
Toddler Fun Learning,1740
Ed Sheeran - Topic,938
SmashMouthVEVO,15
Greg The Gardener,125
Lucas MotoVlog,1469
The Viral Indian,1018
Aditya Narayan,22
Snuff Puppets,64
Chiro Core,54
Australia's Got Talent,159
Munawar Faruqui,70
Jenn Im,913
Mokso,95
Malala Fund,105
HalseyVEVO,272
Epic Compilation,234
ThatcherJoe,350
Fuba Tamang,25
Peppa's Best Bites,5951
HONOR Arabia,896
Dr. Bilquis Shaikh,855
Money Kicks,162
Mikaela Luv,300
Voilà! Digi,374
Mike's Mic,308
Bullbosphorus,700
Máy Nông Nghiệp Toàn Cầu,169
American Justice Warriors,736
zayn,74
Rarri,18
The Tech Chap,1214
YouTube Viewers,164
Dwaraka Creations,217
Volleyball World,9725
World Best News,575
Second Thought,407
Allari Aarathi,728
Marilyn Manson,83
Blorick1206RRG,94
BrickBrosProductions,101
My Chemical Romance,175
MarilynMansonVEVO,39
Cutebunny992 ASMR,49
Darlene Zschech,174
Sanjivani Buti,15
Scott The Woz,288
Roland S. Martin,28169
Isaac Butterfield,2031
The Daily Show,7868
MSD Official HD,115
Fascinating Horror,401
OliWhiteVlogs,580
Every Frame a Painting,34
Davy Leyland,31
SpongeBob SquarePants Official,2021
BBC Earth Explore,886
Jamie Oliver,2500
Legacy Records,33
NicandroVisionMotivation,483
Jay and Mark,101
SZA,38
Cam Casey Shorts,4675
Collete Davis,657
ESPNcricinfo,20465
tbobborap1,3590
GamerFleet,748
Nick Eh 30 Shorts,1624
HowardFreeman Motivation,18
Reigarw Comparisons,107
Mana Stars,32480
element14 presents,1121
Sharivari,319
THE RACE,3011
NileBlue,83
CrazyBadCuber,867
PAQ,140
Born2Kill,583
Fact FC,374
TaxTheRich100,14
ckan98,63
Little Book Owl,869
StoryPedia,569
PTC PUNJABI GOLD,1505
Sarah Jeffery / Team Recorder,504
Bengali Movies - Channel B Entertainment,279
SatireDaily,16
ChaBoyyHD,1076
The Wick,128
Furry Tails,3118
SuperHouseTV,413
RAN Sailing,483
Kluna Tik 2,493
Julian O'Shea,76
YoYo English Channel,16052
Food Ward Fyz,547
AMPISOUND,133
Jon Lajoie / Wolfie’s Just Fine,101
Haydn Bagtas,183
Goldmines,12041
MX Player,5930
Lewis Howes,3183
A Boogie Wit da Hoodie,393
Satya Hindi सत्य हिन्दी,32072
Crazy Boris Productions,61
NQRMAN,413
Deepthi Sunaina,33
SUPEReeeGO,417
Superiority,163
PBS KIDS,4316
Victony,89
Nandu Ramisetty,235
JerryPop,859
땅콩 Peanut,114
LYMusics,1118
Him-eesh Madaan,1249
Afro Dance,823
aCookieGod,272
FoneTech,1477
Louise Pentland,615
The Yogscast,7344
Naharu,1325
FusionZGamer,4775
Browney,766
cyriak,80
Expoza Travel,2435
SIIMA,8562
Ben Nuttall,1189
Thought Café,302
The Indian Express,55615
Duggu Cinema,79
BabyDino,18
C4D4U,424
OMEGA,628
NE-YO,104
Royal Challengers Bengaluru,4040
Angèle,45
Ray BLK,45
talkSPORT,34085
Italy Made Easy,540
Rachelleea,824
AnimalLove Stories,1189
The Telegraph,37397
Lasse Gjertsen,29
Fight Films Clips,667
Arcade Matt Shorts,1036
CycleCruza,2375
Jimmy is Promo,2153
EckhartsLadder,2156
Flamuri & Iliri,58
BFBS Forces News,7514
Ben Foster - The Cycling GK,405
MIRACULOUS CHIBI,46
Loud Oli Tech,1879
alexrainbirdMusic,1669
GEN HALILINTAR,1416
BaltimoreAndOhioRR,8787
Lord Aleem,336
"Mark Hyman, MD",1797
superkian13,121
Milica Begecki,21
Sharkee,55
envyworldwide,73
Harry Pinero,196
Kanaal 24,71
Lets create craft,636
CartoonHooligans,181
JablinskiGames,81
Syrex,2607
J.T. Sexkik,25
AmusementInsider,935
PlanetLord,47
Walmart,1089
JulianspromosTV | Soca Music,15672
Jakarta Diecast Project,794
Ahmed Riabi,34
LilyLikecom,695
Ssoftoons Horror And Crime Bangla,530
Manni-Gaming,2990
Nerf War Movies,335
DIL Music,107
RZIM HQ,496
Magnus Walker,110
farfromsubtle,7220
HSN Entertainment,758
farahdhukai,219
Steven Schapiro,1305
JOLLY,1261
Little Toys TV,172
Collin Abroadcast,113
Upchar Nuskhe,8230
Caroline Girvan,641
Zodiacgraph Media,25
Surprise Collector & Sunshine,135
Law By Mike,1426
Ninja Kidz TV,343
Bhad Bhabie,206
James Joseph Stenson,104
Cradle Of Filth,47
أبشر أيها التائب,76
Wendover Productions,263
India News,122861
ARMWRESTLING TV,628
Rammstein Official,160
Darrell Braun Guitar,676
Trump Nation,16
Sublimator,318
The Laymen Daily Show,834
Travel Beans,622
William Singe,266
Zaty Farhani,3371
leokimvideo,1415
CORPSE,19
FoundFlix,541
Daily TV Mass,3679
Kanhaiya Kumar Fan Club,290
The Points Guy | Departures,620
PM Creation tv,73
Suits Official,1168
Andrei Jikh,993
diecrewplayz,214
MrGear,890
Music by Slaiman,95
yeagar,78
The Grade Cricketer,1477
Parrot Studio (Official),799
SurpriseJoe - Nursery Rhymes & Kids Songs,428
Zee Music Company,14973
Globe44HD,913
TheOdd2sOut,33
iFixit,1027
Kaskobi,231
agoverseasfan,1131
Fireman Sam,2454
GMA Integrated News,410415
MortaL,2400
RAIDEN ϟ MOTIVATION,171
Awakenings,1449
SmoothMarky,865
NSG,155
PILLOW PILOTS,286
Meow Royale,89
MosoGourmet 妄想グルメ,1944
Sam Pilgrim,1342
VIDSTORM,19
FPSRussia,114
 bleedem,14
igor30,889
Afro Bros,281
Busted,82
TMS | Global Entertainment,1608
My Primary Solution,858
Maximov Ro,931
WILDCAT,2634
Peachybbies,3656
Woa Parody,331
A State Of Trance,5117
Puppy Lovers,100
TheCulinarycorner,1546
Learn Kurooji,1026
Quantastic,659
123 GO! GOLD,1526
Rotten Tomatoes Family,2460
raptor5120,25
FitnessFAQs,1510
MrX,16
ToastedShoes,915
Aditya Dumdaar Dubbed Movies,3556
WDW News Today,7705
Peepal Farm,1293
AugustAlsinaVEVO,33
KOTSUMET,1316
Azad Chaiwala,3595
Clare Siobhán,1589
Isaac Arthur,851
TechAltar,241
Jaclyn Forbes,1698
Adi Fishman,836
Star Light Kids,449
Whitelight,90
More Elle Mills,12
The Kakande Ministries,6148
Aama Agni Kumari Media,561
Inferno Central,277
Donut Operator,1052
Goldie's Kitchen,1548
CNA,47920
Alex & Ksyu,911
In59seconds,47
holsteincowboy,1421
Leo Koutakis,695
Rappler,60162
Adventure Time,1454
LilXanVEVO,53
JayzTwoCents,2537
Miller Wilson,263
SuperWowStyle,2113
villfood,1801
Killer Bean,43
Athletic Interest,135
DamianMarleyVEVO,17
Lucifer was innocent ,418
CorruptCarnage,1110
ScannerDanner,1044
Pushing Pistons,1201
Brains techKnowlogy,327
Cecilia Blomdahl,572
Fun Caboodle,913
Worthikids,53
Priyanka Deshpande,118
88rising,1265
Koo Koo TV Kannada,1256
AppleInsider,3371
Study With Jess,637
JuicyMagic TV,265
हाम्रो मूमिन,9
InKhabar Official,133811
lukelabeat,29
Vibe Music,2008
Little World - Kids Songs & Nursery Rhymes,892
One Islam Productions,2480
Nullzee,38
Morten Rustad,81
MasterMilo,714
Ryan Williams,706
DAZN SPORT,1807
The Originals OZ,577
GLAM GIRL ,719
sn1giggs1,124
DubVision,67
ninebrassmonkeys,22
lightsen,29
LcLc,1241
Pramod`s Life,380
Tyler Nolan,882
ikinamo,3318
Big Ten Network,43056
Slime Cat,101
Young Don Animations,115
Dawko,3465
Morat,210
The NK,21
Target Study IQ,3757
King,217
Ted Nivison,93
Hungry FAM,7487
India Talks,583
ALB in whisperland ASMR,437
gorsky,27
Movies Nepal Dot Com,42
Miracle Music,118
Cardboard Design,1055
JK Brickworks,356
Tabletop Weekly Archive,26
crariyo,10
Natan Facts,77
The Young Man and The Three,2082
Anton Petrov,4133
dayta,580
Mary J Blige,153
SapnapLIVE,46
The Closer Look,81
Speed Records,12642
Mr. NK,153
Kurzgesagt – In a Nutshell,313
UnGraduate Gamer,3294
London Real,14747
Play List,0
TechBar,1828
Kosta RST,50
snowcat,389
Official OFB,17
Honkai: Star Rail,618
Off-Grid with Curtis Stone,1446
Battle.Royaleclips,277
Bhavya Gandhi,26
Volcano Video Hawaii,29
ScoutNation,553
YRF Punjabi,17
Annies Forget Me Knots,108
Nimboo Kids - Cartoon Videos for Children,1501
Arishfa Khan,437
Tomzo,149
Drew Talbert,746
Epimetheus,123
MauLer,86
Wavy Boats,905
Final Cut News,23081
Rakib Hossain,835
20th Century Studios UK,1661
FlightReacts,898
MC Naveed - Minecraft,2451
Hudson's Playground Gaming,713
REPORTER LIVE,155502
Jamie Dupuis,674
Dead by Daylight,932
Manny Khoshbin,415
Karikku Fliq,80
Family Fizz,1466
Nicks,818
iQIYI 爱奇艺 - Get the iQIYI APP,39736
PatrickStarrr,1472
The Trump Organization,68
Rich Rebuilds,493
YoungBoy Never Broke Again - Topic,1228
T&H - Inspiration & Motivation,247
Ruby Bonnie Granny,293
wafflepwn,67
SarahBethYoga,605
Ali Productions,1999
Best of Dr Steven Greer,137
Mai Thuận,37
WORLD of Bodybuilding,61
Zoos Victoria,1067
ChrisMD,531
Min Leo,514
Sami Yusuf,571
Buckin' Billy Ray Smith,4534
Japanagos（ジャパナゴス）,75
Euphoric Eugene,27
Fooster,1030
Mike van den Hardenberg,684
Kazzy Official,83
The Modern Home Project,12
EMP MUSIC,496
Stylo G,55
PiXimperfect,1072
Calum,49
OneRepublic,330
Teachingmensfashion,2669
Dave2D,808
kiddies tv,548
Moonbug Kids - Tiny TV,2250
The Golden Family LIVE,290
SIMON LEE,1
Matti Haapoja,789
Thế Giới Wibu,173
Ally Sheehan,325
SourceFedNERD,2549
MotivationHub,609
RAHASYA Tv India ,3344
dimsimlim,176
Janobot,231
Razzbowski,2588
MotoGP,11322
The Theorist,800
Nic and Pancho,195
Paramount Pictures,2386
Boldmethod,223
Mostly True,23
Rug Burn,0
shottysteve,31
rctestflight,693
I'm A Celebrity... Get Me Out Of Here!,4912
an0nymooose,128
Cyr,102
JT Casey,2288
Chad Zuber,523
RupalChoudhary TD,1797
ILYA BORZOV,3636
Sade,4
Alt Shift X,198
Kris Diamond,4474
2011ACVVV,763
Busy Beavers - Kids Learn ABCs 123s & More,662
Maha Cartoon TV XD,841
South Dubbed Movies,23
NoNonsenseKnowHow,559
Paige Zilba,737
Embaixadores de Cristo Oficial Ani Caroline,154
Maya Loka,1672
PUMBA,992
Samsung India,3239
BREADSWORD,26
AtinPiano,286
Caroline ASMR,359
STRANGE ÆONS,197
K-Pop Dance Mirror,496
Eskay Movies,5899
Historic Royal Palaces,510
Leah Ashe,2554
A Plus Entertainment,12567
MyVoxSongs Nursery Rhymes,465
Ed Bassmaster,1370
Adam Riemann,347
Cooking With Lynja,486
ATN News,114457
AO KIDS,142
Orange Juice - Live,591
Tanner Fox,1043
Gillian Bower Slime,77
TwistedGrim,36
BravoCompanyUSA,27
Karol_Karf,419
Lord's Cricket Ground,1939
Parithabangal,1373
Nogla,2622
Survivalkloe Primitive ,4123
Oats Studios,33
Mint Blitz,2263
Fox Cricket,1427
Crufts,3547
St. Patrick's Cathedral NYC,3840
So Tasty,130
Som ET,1854
Sandy Hook Promise,229
Geo Cricket,14
Anjali Dhariwal,727
Ultra Action Hits,1383
Miniature Cooking Ideas,3255
Chill Pannu Maapi,1556
THELIFEOFPRICE,3021
NAWRAN,274
ElGrandeToto,77
VaasuTechVlogs,3710
RCCG,2862
CartoonNetworkEps,1466
Domain of Science,68
VK,130
Dumb TV,2067
Artem Plays Toys,448
TheBlueBlur - 3D Sonic Animations ,26
MasakoX,2229
MMA Videos,87
Boy Boy,60
Super Planet Dolan,152
Joel Eli,146
IBC Mangai,16036
Hannah Meloche,288
PS Entertaimment,3802
Adin Live,2556
TrapWolves,795
Herrouchi,236
gattu,3135
Anastasia Kingsnorth,1014
Nora Fatehi,169
Joel Sunny,299
Spider Tv,155
Disguised Toast 2,504
Exam Preparation,2004
The Wilsons,414
FunVideoTV,145
The CAN Family,3031
G.R.L.,5
Zic Zic,471
CoolMitra,474
Ryhan Family,1250
VaderOG,514
vTuned garage,399
SLAPTrain,6779
Chaseroony,1110
AUTO MOTO,4108
Nat's What I Reckon,152
Kastro,47
crustery,37
imkavy,3512
Click Info,92
JMX,1606
SmallAnt,266
Freyjinn,96
Harper's BAZAAR,2430
Nought,3857
TSK-24,283
Project Better Self,62
TigiBoo,2115
Sean Beardon,81
DillonFrancisVEVO,77
Blue Monkey,102
Crazy Cherryboy,910
Ivanita Lomeli,787
No Frills Twins,86
Potential History,91
PurpleMatter,207
Crashalong,17
MS KOMAL,1095
BakLol Video,443
Havana Brown,160
CINEMAWALA,467
Global Degree,109
Jatt Prabhjot,1999
China Uncensored,2384
PS Fit ,1986
Johnny Orlando,298
Hugh Jeffreys,449
BrandonKent Everything,3236
Marcus House,451
The Rajdharma,2625
Creativity,9
Android Developers,2529
Garima's Good Life,1458
Bazerk,133
GamerLists,58
Matt Jordan,190
Nature loop ,320
Babbu Maan,458
The Story of Stuff Project,157
SA Records,96
Supermassive,78
Ant & Dec's Saturday Night Takeaway,152
Windows,156
MrMatador,51
Skinny Recipes,1375
Beyond Slow Motion,123
Azam Abdallah,169
HappyLoo - Nursery Rhymes & Kids Songs,1015
Neil Cicierega,162
NOVRITSCH,778
DeSinc,107
LittleKellyPlayz,2499
moviemaniacsDE,10011
"Let's ask Shogo | Katana, Budo, & Kimono",1111
Oh Emma,492
OfflineTV,442
Danger Dolan,451
Kevin LaSean,388
David Dobrik,556
HRVY,129
Michelle Hendra,399
iFL TV,45160
Charly Jordan,171
BaronVonGames,3166
Awesome News,541
Option Auto,650
Ekattor TV,161338
이과형,419
LizNm,25850
History Time,160
UnidiscMusic,6462
ZimoNitrome,220
The Thought Emporium,178
Sports Tak,50762
Tati&Ruf,1325
Mat Watson Cars,193
epSos.de,2463
DarkViperAU,2998
Poppy,467
Matt Dillahunty,721
Wave of Trend,403
TysyTube Restoration,127
Is He Dead?,21
Toy Jelly,1638
Guns N' Roses,101
SR Brothers,69
Macro Room,40
Kannada Movie Junction,7642
Maya Mia,163
Animals So Cute,85
Chanux Bro,1712
Desmond Dennis,1546
AyoandTeoVEVO,9
Jaski Music Mixes,235
Vindooly,1348
GamerGirl,1731
"Singing, I learn to Speak",10
gooflol,62
GetMadz,109
Geet MP3 Haryanvi,76
euronews,110470
Saregama Bengali,9031
Keep the Heat,103
Rusty Restore,700
Baby Shark Official,2092
LORD Ahmed,242
Soufian,581
The Notorious B.I.G.,98
MyGo! Sign Language for Kids - ASL,1343
Kelly Clarkson,328
Linkinpop13,181
E4 Entertainment,182
Beastly,371
the bootleg boy,1417
querly,396
Toddler World TV ®,103
Kuhang,11
Cavy Fishing,86
MMG,3235
MASTER MILAN,35
Zohan Farooqui Official,827
alexelcapo,7108
j33REN,263
NNKH 2,336
TIME MACHINE,157
Fastrack IELTS,402
Travel Thirsty,979
Hand Work,165
Sargon of Akkad,119
Ivana Raymonda van der Veen,394
DribletX,13
Jarrett Stod,1591
T-Series Kids Hut,1585
Daniel Tiger's Neighbourhood - 9 Story,1311
Animais Selvagens do Pedro Têia,908
Laughing Ananas,702
GMJ - Global Music Junction - Bhojpuri,915
mainevent,1469
Be Smart,509
IFLScience,18
Ava Max,247
Rithika Tamilselvi,146
Pink Floyd,1138
Plumbella,817
Raj Kapoor Hits,279
SpiceGirlsVEVO,34
Daniel Caesar,8
Awakening Music,1066
ABS-CBN Star Cinema,21691
THE WILD ELEPHANT,729
Naka and Dom,931
Animal Facts (Fun Animal Videos) ,529
TOP 3,581
Home Of Games,1183
Whitney Simmons,572
Justicul,260
DJ Gimi-O,89
Tech Spurt,2285
Herr Fuchs,206
Chevrolet Arabia,945
System Of A Down,38
Toy Review TV,2029
3D Printing Nerd,1417
The Frringo,375
Share My Story (Honey Entertainment),300
Kiranime,67
MSArenaOfficial,1352
VuxVux,1464
Melvin Louis,379
MacRumors,1652
Play Date,116
Davina Michelle,384
Nick and Helmi,709
ANATOLY,159
BeamNG Nation,239
SnazzyNikki,141
Tannerites,1377
Experiment at Home,109
Nick Zammeti,545
PelMen,89
Eider 2,145
alkss20,49
Club Baboo,760
lil' monkey media,790
Renault India,647
Popcorn TV,1661
DollMotion,166
News18 Rajasthan,238492
Learn English with EnglishClass101.com,2768
Vibe Check TikToks,12
Amazon India,1822
the tea library,1385
The Focking Team,76
Pehchan Music,399
Chris Smoove,12104
Morph,485
TEST DRIVE FREAK,2254
Mixtape Madness,8970
AaronsAnimals,135
Discover The World,1224
Bhootha Kannadi,3755
Tech Future,31
Pablo Bruschi,3963
Like Nastya GB,486
Mok Saib,57
The Wildlife World,118
CupofTJ,265
Cayinator,4245
Gurdas Maan,120
YSYL Films,442
Google Local Guides,244
Maneesh Vishnu,1625
Planned Parenthood,347
youresoloud,33
Team Naach,283
The Yoga Institute,2182
Games For Children,115
Piemations,149
DooM49,3505
Proper Printing,91
Hit TV Telugu News,44019
RC MEDIA WORLD,2932
Life Care,861
KnowledgeHusk,226
Mhd Officiel,35
Doctor D.S.,494
STUDY 91,12197
Armenian Public TV,40508
United Music Events #weareonthemission,1734
Bogdan's Show,1220
Jenni’s Hacks,972
Torbjörn Åhman,204
Afrimax English,1392
Salonayyy,922
Hyperdream Studios,10
SoundEffectsFactory,806
Young Dolph,45
Sneaky Zebra,182
NICKMERCS,2775
Girl With The Dogs,774
Kekker,237
Slayy Point,191
The Tube Family,566
Engineering Facts,717
MinuteEarth,458
Funk Roberts,1610
doctor4t,68
The Bee Family,1130
Phonk Club,1263
FatSongsong and ThinErmao,524
과학드림 [Science Dream],243
Azerrz,377
Mindvalley Talks,555
Elaine Carroll,173
Stan Sport,6600
Celtic Warrior Workouts,609
Online Study Point,5114
CHRIS HERIA,440
Shani Grimmond,467
Family Playlab,310
World of Longplays,20030
bharatzkitchen,103
AR12Gaming,4893
Samantha Ravndahl,426
Faffapix Shorts,3378
Luke's Goldies,2895
vivo - India,1716
Tibees,333
JioHotstar Reality,7634
Banglar Rannaghor,1536
Kurulus Osman Urdu by atv,14728
ITV Reality,452
Nick Graauwmans,27
RDC Rajasthani,14835
Garn.,83
Easy Sewing for Beginners,147
Dj3P51LON,65
Kitboga,551
aha videoIN,9156
Dr Zeus,47
David Animations,13
Car Wizard,986
Jiboner Golpo,2944
Sonic Jets,0
Meghan McCarthy,284
Jhanzou,13
Study In Hindi,5109
PRISM,25
Creflo Dollar Ministries,5153
SuperHorrorBro,1423
Lunatic,180
AirwaveMusicTV,4431
Sleepy Wolf,790
스위트티비 SweetTV,436
StrictlyBBall,1639
Primitive Tool,299
Movie Central,2605
Zeramations,86
Filmy Crazy,5878
WonderWhy,70
dynmk,3254
ABC,15712
United India Exporters,18804
수리노을SuriNoel,1359
MeatCanyon,233
Kane and Pia Muehlenbeck,567
Binge Society,7800
Nanalew,64
脑洞乌托邦,1197
DIY DUDE,381
Man City,9687
The Bachelor Australia,716
TwinkieMan,357
Duane Chandler,125
Super Simple ABCs,246
Strain Hunters,123
Silo Entertainment A2,65
Anthony Joshua,96
Kul Farm,185
Home Team Hoops,2931
DNCR Dance Tutorials,347
Crazy Is Crazy,162
Friend,908
Marimo,1044
Spice Bangla,553
BabyLeague,693
Nat and Friends,52
1 Minute Talk Show,541
GAMERS NETWORK,2565
Tej India,172
hibyepeachy,70
Thugesh,553
IrixGuy's Adventure Channel,11605
KIDS TOYS CHANNEL,835
ColinandConnor,8
UNILAD Adventure,86
Carspotter Jeroen,1926
Lena Slime,1646
ESL Counter-Strike,4011
Maikel6311's Nightcore,608
MNcompsJR2,84
Nines,105
Amisha Arts,2935
AlmazanKitchen,734
Animal HT,203
Tural Ali Music,39
Mikluka,12
The Ink of scholars channel,448
Skeppy,1329
SoSorry,1448
1st508th Airborne,6434
Troycandy,422
Accent Beats,1385
News18 Kannada,227750
Samantha Maria,947
PBS,3192
CoolVision,106
T Pain,857
FOX 13 Tampa Bay,13649
Channel 24,197799
Alex Moukala Music,156
Scary Teacher Troll,203
JellyBean,600
Prag News,39791
JOSH WADE,87
The Fast Saga,425
Fox League,4124
Practical Wisdom - Interesting Ideas,1346
City 42,189055
V Horror,402
Mini Cooking,175
Pramod Premi Entertainment,334
Funny and Beautiful,333
DIS Unlimited,2891
RiT Riding in Tandem,1081
MAY-A,107
GetsetflySCIENCE by Gaurav Thakur,501
FamilySearch,313
InsecthausTV (Insecthaus),695
Mechanic Steve,4159
TDBarrett,4701
Noel Deyzel,481
Charlie Berens,1069
Curiosity Incorporated,1416
YouTube Canada,27
ALLEN Career Institute,4813
CultureClubVEVO,12
mayratouchofglam,410
The Crosbys,364
OasisOnOverwatch,117
Arxiv Insights,15
NateWantsToBattle,161
Mozzy,100
Thee BlackBadger,659
The Mike,27
aquul,22
Hindustan Times,93810
Slavik Junge,222
Roy Purdy,110
Sofian Medjmedj,43
lakshmi paakashaale,1764
Amit Bhadana,148
HeroVoltsy,9607
CRIC11 FORECAST,2624
Super Polina,612
simonandmartinabonus,705
Positive couple. Позитивная парочка.,160
MEDCARS,1232
Chris Cohen,140
Elisabeth Rioux,136
Showtek,214
Scott's Marble Runs,75
TVOkids Preschool,2346
FINEM,32
hmtv Telugu News,390291
Vaaho Entertainments,184
ZAN OMG,16
Ayan Mechanic,2228
Studio C,2393
ElleAndTheBirds,141
ssin 씬님,1007
Kyle Le Dot Net,686
Jacky Phan,502
DIVINE,74
RnK All Day,306
Amy Macedo,778
Philosophies for Life,163
DOODLAND,3189
القرآن_الكريم AlQuranHD,222
Madd Carl,99
mYTH Tv India,138
OnePotChefShow,709
Costa Titch,77
Mcpl Bhojpuri Entertainment,109
yebook,388
Kanan Gill,24
Nikolai Aksenov,1325
Séan Garnier World freestyle football champion,763
VideoFromSpace,9845
ADOPIX,564
CrossFit,7524
Cutting Edge Engineering Australia,282
Ruhaan Arshad official,177
Crochet with Clare,1115
GoingCrazy201,1343
Jugnu Kids - Bangla Nursery Rhymes & Baby Songs,625
Vadact,2023
MattyB Vlogs,544
River Monsters™,783
Recipe30,1106
SNAK,1202
Tooy Egg Videos,1614
Cinema Vikatan,14312
Nicky and Pierre ,658
Daniel Cutting,822
World Affairs by Unacademy,5818
5MadMovieMakers,231
UnJaded Jade,562
AM Feel Good Films,24
Find Your Passion Hindi,12
Wouva,66
BaptismOnFire,16
Zerkaa,2030
Massive Mix Records,138
VVS Films,2015
Creative Etc.,246
Strang Entertainment,24
Payal Panchal,500
Kenhub - Learn Human Anatomy,769
Ayush More,823
theDOMINICshow,175
Titi Toys and Dolls,1121
EA SPORTS FC,877
Spechie,50
RomanAtwood,117
Prashant Sharma Entertainment,1294
Oli White,493
Cauvery News,40689
Abijit Ganguly,106
ASMR Janina NO TALKING,40
Entertaining Central,334
Yummy Food World,280
mryeester,994
Shippiddge,42
Enzo English Bulldog,331
Braemar Media,4593
Kakoa's World,170
Wishtrend TV,1375
Mahaa Bhakti,4943
Anomaly,778
Dave and Ava - Nursery Rhymes and Baby Songs,1199
KSI,1454
Mumbo,144
Bloomberg News,37502
Red Ted Art (Maggy Woodley),1556
Taylor Swift - Topic,2073
Ya - Alisa,5751
TOP Topics,110
S8UL,291
Vince Del Monte,1372
HelloMaphie,502
FilmCow,244
Mia Maples,809
The Finest,483
Surfnboy Shorts,4392
KitchenTigress,72
Times Of India,70337
Canis Major ,46
SKizzle,5809
Nux Taku,1008
ZipZapPower,2379
Naomi Jon,415
YMH Studios,5083
Dilan Sabah,280
Nerd City,29
The Joint Forces Channel,79
Neetesh Praliya,405
Whealth by Slaiman,354
bestdestination,1972
RamblinAround,3447
Shattered Paradise,45
LegitStreetCars,513
Joel G,49
Mark Dice,2347
TheLazyPeon,742
IRATE Productions,2533
CARS 4 CARS,491
One Music Originals,43
Boom Buddies - Nursery Rhymes & Kids Songs,948
Tate McRae,597
WTO,173
OzzaMusic,51
IKW Akshay,69
GYMCHON,45
Toys King,1004
Marian Ungureanu,17
Sleepyhairman,286
JackSucksAtStuff,948
DotaCinema,5255
Cesar Millan,1070
Khushi - Hindi Stories Super Comedy Videos,475
Ph1LzA,670
Berywam,390
Ryan Kung,20
Animalz TV,105
DeadlySlob,2590
8ball Dance,173
NASCAR,22070
Aniko Dobiasz,170
Simone Giertz,160
TOBOT English,984
Christy Anne Jones,302
Prashant Nakti Official,8
M4 TECH VLOG,60
CookingTime 🇨🇦,905
Jack Massey Welsh,156
Facto Pradeep,1116
RNickeyMouse,249
Shyam Tomar,465
Kung Fu Food,1520
Picture Anime,461
David Pawson - Official,479
Dario D'Aversa,4494
I am Desi World,56
Sailing Nandji - Frothlyfe,468
Cartoon Network UK,5977
Chandoo Gadu,406
Chaitra Reddy,137
Both Sides of Phil Collins,66
MadRam11,5164
SKELETIK ツ ,431
Mayapolarbear,214
FREDOPG,56
MiniWarGaming,8796
speedkar99,452
G2 Esports,1482
The Barkers,125
Frozen Kitten,92
Good Morning America,46692
AndreoBee,649
Baby Sensory – Calming Bedtime Songs for Babies,1171
CNA Insider,5383
Saad Al Qureshi,2289
Mike WiLL Made-It,46
Fiiber Hindi,3977
Quest TV,2239
That's Amazing,133
KTLA 5,33450
GloZell Green,2407
Brown Town Music,200
Kurtis Conner,246
KHORnime,11
Millionaire Syndicate,0
外務省 / MOFA,699
Nim C,269
Aussie Arvos,284
One Sports,43456
AIDC,2327
Bongo Movies,864
Isaiah Garza,162
Crown Rick Auto,360
superspeedersRob,1597
Muse Asia,10873
Malayalam Comedy Movies,4903
Brendan Meyers,809
VybzKartelRadio,19
Lachlan Kell,269
VINwiki,3390
Veggie Paaji,2212
Viral Bhayani,31690
腾讯视频 - Get the WeTV APP,55953
Timmy & Friends,1169
DiEM25,802
World Archery,7461
Tracy Chapman,12
LaterClips,6433
Lawrence,27
Kirsten Dirksen,1220
Punjabi Bass Boosted,260
Nadira Puchi,58
Greg and Mitch,172
BeautyTakenIn,372
Jaden Sprinz,2925
Captain XLAB,1
MercBenzKing,837
XXXTENTACION - Topic,465
Starbucks Coffee,463
Alicia Keys,524
Aslay,51
Checkpoint,3063
TechTablets,2472
Top 5 Scary Videos ,4592
MattDoesFitness,1433
Zee Sarthak,63251
Ordinary Things,67
Hunny Sharma,164
AutoTrader Canada,1265
OMGitsTiesto,3783
Monto,1752
Potter Payper,67
NPR's Skunk Bear,51
Lazy Masquerade,364
Bajan Canadian,4428
Careem,220
TV Punjab,30732
Holly Boon,81
Johanna Clough,476
mymillionTV,388
tiehole,21
Dutch Train Channel,4124
Amma Ki Thaali,2093
Luke Alexander,414
Knowledge Power,1368
Epic Meal Time,572
The British Royal Family,110
HistoryLegends,449
Robocar POLI TV,3463
OttawaNow,2013
Dom Tracy,604
DEF LEPPARD,706
Arirang Radio K-Pop,10457
TLC Australia,1292
LIVESTRONG,1573
AmazingPhil,371
Gyaan ki Duniya ,67
CREATIVE FASHION,525
Claro the Third ,1394
RoadPlanet,3480
ABC - All Babies Channel,2415
Rufus,419
Samra,114
Karissa Pukas,546
Power of Gameplay,2119
Power Studios,513
Lawrence Kenshin Striking Breakdowns,457
Spookiz - Cartoons for Everyone,1768
Roblox,1135
RABIA SKINCARE,810
DasTactic,1070
samspace81,4670
Titan Humor,38
The way of Chi,37
JREG,517
DMX,6
Aashish & Nahee (AANA) 아나부부,573
Jake Chudnow,24
Street Cat,309
The Chalkeaters,72
stampylongnose,117
It Gets Better,421
ProBoiz 95,410
Dolan Dark,62
Kerrigan Skelly,1653
Wisp,602
Hammy and Olivia,1498
Kalaignar TV,57529
Vidly,681
Bangla TV.com,198
Renju,299
Caboose,2823
SwagItUp [ARCHIVED],195
VoteSport,138
Own Gaming,1819
Stormzy,85
SAEYET TV,258
CHHEWANG,44
Funk You,291
Dasito,855
Meditation and Healing,3359
The Local Train,37
Sonam Topden,19
R3ZIDENCE,18
Simply Red,695
brian david gilbert,78
TLDR News,1222
Ranveer Allahbadia,5243
BlueHands,27
CookMuk,33
ProPlanty,2043
ClownPierce,132
EscapePlan Skateboarding,56
Smart Kids,60
Tamasha Music,158
Aroma Split,1
Silman Saleem,97
Unicorn Tingles,16
Dr Muhammad Ibrahim (True Skills),704
Laff Shorts,18
Leviathan,22
Harry101UK,307
Siasat.pk,5786
Funny Videos,525
Flor The Frenchie,79
DutchMotorsport,1008
dutchsinse,2872
Volvo Trucks,1204
Tech & Design,19257
Mediatime Network,1899
Magsplay,55
PM Recordings,934
Alex Aiono,338
Primal Gameplay,1869
Tech Travel Eat by Sujith Bhakthan,2441
House Gamers,504
The Liberators,248
Darknebolian,209
Walk With Me Tim,526
Chapati Hindustani Gamer,2178
DAILY ART BOX,76
X Games,6141
Kappa TV,13439
Kinetic Kennons,1280
Weird World,1357
Fifth Gear,1996
Fun Friend Indian,183
News Samrat,39
GOLD 24K ,797
Tofuu,538
NM2255 | Raw Car Sounds,2371
Ashy Bines,568
Vandiril,2842
92NY Plus,552
Datrie,268
bakerXderek,1245
TastyLine,61
Guga Foods,566
Rabbitholebd Sports,3935
Amazing Places on Our Planet,514
Lexi Hensler,261
DAN7EH,967
Randy El Don,15
HASfit,1820
More Meg,10
Bini the Bunny,178
Atlet,1569
DulceCandy ,1275
PIB India,8706
PeanutButterGamer,245
Little Baby Bum - Nursery Rhymes & Kids Songs,3133
PAW Patrol Official & Friends,3559
DOM Studio,677
ViralSnare Rights Management,40313
Rio Ferdinand Presents,2368
bicsmalln channel  (wannabes),4135
Tasha Leelyn,650
TOY FACTORY,861
EchoBeluga,1535
Songs With Simon,29
Sachin Mann,1185
FreshBaked!,5394
Discovery,8939
Calvary Media,475
N - Isai,2564
FightHype.com,47137
Shane Miller - GPLama,1715
EasyHomePlus,257
RJ News Hindi,526
SferaEbbastaVEVO,56
Ricky Berwick,6506
Tiger Productions,584
SEPL VIDEO,12079
Nicolle's Dreams,249
Super Games,204
manoramaMAX,25597
Redstone Records,166
sWooZie,399
DutchHPfan1992,114
Drama Loop,3
Kings and Generals,1828
Cookd,3404
HooplaKidz TV - Funny Cartoons For Kids,2546
Poisnu washere,69
Ramiz Speaks,1489
PrinceZam,266
Movieunleashers,91
ForlornCreature,67
Aishwarya Mohanraj,26
TimbalandVEVO,38
Happy Raikoti,116
Teaser PRO,198
Baseball Doesn't Exist,208
PBS NewsHour,56374
TetraBitGaming,537
iDream Media,98095
YELLOWIKI,1933
English Connection,2074
Jigar Studio,1135
Farhana Oberson,168
Daen's Kitchen,535
The Film Theorists,624
BIRDS 360,4068
CharlieDaDog,488
ZHC Crafts,274
BabyBus - बच्चों के गीत&कार्टून एनीमेशन,551
Wood Mood,4811
iDeactivateMC,696
21 Savage,156
RKD Multiplex,212
Anna Bey,313
Two Minute Papers,1005
Bassjackers,210
That's Amazing Shorts,207
Alex Crafted,1381
UDY,185
UndercoverTourist.com,3526
SHISHIR YONJAN,199
Raiti's Rides,4099
Angerfist,488
Fact Danish,1426
Super South Movies,452
JerryVsHarry,1712
Super Toons TV,2404
The Explore Life,488
ABC 7 Chicago,42382
Andy Cooks,1315
Mia Sayoko,144
Real Engineering,271
Youngster Music,162
Saregama Dice (TV Shows) Tamil,42012
GameToons,770
Alex TubeFun,276
Born Free Foundation,318
"SLICK SLIME SAM - DIY, Comedy, Science",1751
PressTube,386
K pets,76
Curious George Official,2653
LpsAce,160
办公室小野 Ms Yeah,435
Heath Hussar,245
Dadusak,108
Voice of the Martyrs USA,578
Primitive Survival,337
Avatar,176
MPX PLAYS,103
SamYoung4x4,294
Pinoy Big Brother,14333
G Series Music,4297
Calixo,1996
Trey Songz,370
Zee Yuva,14558
Akshon,2027
MrCreepyPasta,3232
Tiger Media,813
FilmComicsExplained,913
Samsung Egypt,973
trickshotdav,162
James Shrestha,258
Fluffle Puff,57
Lex Fitness,697
Experiment Ahong,481
The Official Gummibär Channel,638
mychonny,53
Mix Select,252
MakeupWearables Hairstyles,246
SpectreSoundStudios,2125
TGF - The Guiding Factor,125
Little Princess,762
Liza Koshy Too,72
Wildlife Films by Dereck and Beverly Joubert,66
Sansad TV,92648
Baby Dinosaurs - Excavators,377
MMA Zone,1516
Scott Ste Marie,328
Darryl Mayes,675
Sharky,207
Facts 100M,268
Underrated Hijabi,262
Indian National Congress,52111
Bayashi TV,1573
Luke Korns,43
HollywoodRecordsVEVO,439
Joel Haver,613
GeoBeats Science,0
The Diary Of A CEO,525
iDream News,58540
Neel Kolhatkar,537
GLAMZILLA,1015
Ty Dolla $ign,196
LOSTyGIRL,2648
jr Mr Bean,184
Lakhneet Vlogs,3197
The Mannii Show,4947
SpaceBalls,723
TV9 Marathi,646139
truthorange,304
Real Wild,949
PeterLife,72
LazarShorts,10
TV5 Kannada,132847
ZacharyZaxor,1469
The DIS,3715
Inventus,475
Without Music,188
nojroom zero,25
Fera Animations,360
Anna Akana,603
Camilla Frederikke,902
Stephanie Bailey,215
RMH,114
URBAN DANCE CAMP,223
Little Treehouse Nursery Rhymes and Kids Songs,2157
Tim Pool,3680
Killercrock88,1617
Eliana Ghen,2925
Megan Nicole,287
DJ Mag,2225
Alissa Violet,75
Jacob Geller,111
DoctorOz,1446
Mark Wiens,1546
pilotdynan,281
J.J. McCullough,591
The Storm Chasing Channel,138
ElSmosh,626
The Furrha Family,1604
HH TQN,12
AutoGuide.com,2696
Blacktail Studio,140
LAUCS,0
Top Battle Clips,27
Shirahaha,79
Britec09,3877
The Wiggles,1166
The Scran Line,795
Citi Heroes,287
Talking Tom & Friends TV,930
N10IHD,81
PolyMars,58
deepesh zo,1282
Ansel Kunert,53
Business Today,29622
Tyler and Todd,275
ashens,956
Bodybuilding.com,4074
Mia and me,1523
Travis Hunter,170
NOW UNITED,1539
GaryVee,6391
LOL (Life of Limbachiyaa’s),1944
SHALOM BLAC,353
GiovyHobby,278
Anthony AS - Lenny Patrick Footballer ,226
Restore It,162
Let's Make Education Simple,1107
Mariah and Bill,1836
Harvey Rothman,42
Heather Lindsey,646
JohnnyQ90,332
GradeAUnderA,131
EBS ENGLISH,29003
Principles by Ray Dalio,522
HIU 하이유,1076
MrRoflWaffles,2755
Song des Tages,2257
SL Geek,1320
Infantry Pictures,69
NITIN FREE FIRE,967
Jens Larsen,1527
DavidParodyPlays,508
Langfocus,313
ZephPlayz,1733
MostlySane,1459
The Elevation Church,3916
Jon B.,1452
ShadowApples,447
Freya Ridings,507
YouFact Live,57
Element Animation,165
m171562,2107
Enduro Life Media,997
Nerdwriter1,303
Grace Digital Network,3209
Shammi Vlogs,244
Motorcycle Throttle,16
James Veitch,110
Football World,84
Potato Warrior,23
Exploring the Unbeaten Path,348
Zee Music Bhojpuri,5523
AlondraDessy (alondradessy),217
Sri Lanka Cricket,3841
Andy Jiang,2497
Expedia,792
Funhaus,4459
Ayngaran,33827
Blue's Clues & You!,1675
eDewcate,242
bowser12345,1092
Nepali Touch Australia,215
UnspeakablePlays,1419
Top Pakistani Dramas,17934
Sam Harris,472
Mohammad Khalid Crypto,31
BarbarianBody,492
SXSBlog,85
Rup Fashion point,667
LazyPurple,64
The Verge,5578
Physics Girl,289
AxwellIngrossoVEVO,23
MarioVEVO,57
Gyan-The Treasure,12620
Will Darbyshire,69
Keyboard Cat!,845
One Percent Better,151
ATC Android ToTo Company,1409
Marty and Michael,985
PFL MMA,5110
Lowe's Home Improvement,1553
PowerModz,1409
Balaji Telefilms Ltd,985
How To Cook That,549
Karan Aujla,87
AltaConsignaVEVO,12
iTemp Plays,2511
Victoria Stilwell Positively,147
The Damage Report,30153
Veshremy,590
Allblanc TV,1235
KOCOWA TV,24272
Yasmin Huma Khan,1453
KWOOWK,368
Kaizer News Telugu,7545
Top Rank Boxing,7413
Alexander Volkanovski,460
AC Milan,10331
Hichem Smati,517
Wild Kratts - 9 Story,1132
Pokelawls,810
SocksReact,866
What's Inside?,332
Magic Cartoon Animals! - Morphle TV,1948
Doug DeMuro,2154
Best Party Videos | ZM,18
Bleacher Report,14278
Life Stories,99
WeLoveFootball,187
Habib Belk,27
GAINSBYBRAINS,558
Jonas Brothers,310
Panty Droppaz League,37
Robin Sharma,653
SiriusXM,9623
NerfBoyProductions,269
RC Tanks & Trucks 24/7,1236
Pinkbike,2991
Hard Science,34
Tommy Winkler,2967
Noal Farm,376
Swati Mallick,986
Aidn Shorts,86
Obviously ASMR,210
ItMustBeCollege,24
• Moonlight Forever •,81
Popcorn,2299
Honda Cars India,179
Stanford,4172
Teyana Taylor,32
Don't Hug Me .I'm Scared,14
Himmat Sandhu,154
TGN Minecraft,916
BadWolf,299
ScottieDTV,3519
TS Creative,74
PWR,821
Olly Murs,216
Westen Champlin,224
MindofRez,869
HER GARAGE,1205
SPEAK,7604
newslaundry,7099
George Harrison,137
Wild 'N Out,2208
BADMASH icON,270
Bingoo Box,7020
ChuChuTV Hindi,594
Bindass Kavya,1164
HooplaKidz - Official Nursery Rhymes Channel,2943
DJ Akademiks,3242
Marius Hornberger,207
Take A Break,147
AgentJayZ,745
My World,376
RoCars,454
Say Yes to the Dress,1889
Supertone Digital,3293
Ninja Sex Party,131
aSongScout,80
Sir Meows A Lot,65
Google Canada,159
Alice Merton,89
magmablock,27
HappyBerry Crochet,652
Crypto Blessing,211
Kevin Tran 陈科伟,498
FIFTY VINC - HIP HOP & RAP BEATS,259
Singapore Airlines,464
CaptainSparklez,5854
The Guardian,7466
Samsung,2350
Rohail Voice,1152
Hyun,119
Piano Phantom,21
Donate Media,4319
Jason A,979
mathantics,100
HAHNS ATELIER,376
VoiVoi TV,67
TimTheTatman,3164
Dogs Inc,380
EvanEraTV,3092
EJLad,56
Kids,281
Michael Cowan,744
Hella Cash,138
Dark Monkey Music,556
Fight SCIENCE,753
gardea23,810
Yoti,275
PokerGO,6030
Helical,81
Sam and Colby,362
Harley the cockatoo,1711
Christian Hull,882
Funny Vine Videos | FVV,27
David Diga Hernandez,3162
NBA Zone,130
Faouzia,254
influenceatwork,96
Matthew Beem,270
Howdytoons Extreme,127
TrichJournal,12
World Bank,6914
Engineering Explained,1030
Adda247 ,54836
MySmartPrice,1908
Hailey Reese,792
Rulof Maker,77
Strell In Malayalam,627
ASMR Miss Mi,1730
Behindwoods O2,8322
FM247 HD,42
BettyL Club,1809
CD MLP scratch,270
Alex The Rambler!,1958
wcolby,1768
Fit Tak,3882
Growth Academy,54
animated james,45
Facts Digger Official,465
Blender Studio,242
JackSucksAtGeography,816
The Kiboomers - Kids Music Channel,1400
Darsequran.com,3385
heartfulness,2321
The United Stand,12361
Cesar Pantoja,429
FlippyCat,304
Lucky Lopez ,608
Lele Pons,186
WION,235626
See Jackson Hole,169
Kevin Rose,127
chetanvlogs ,654
The Paayal Jain,84
LifebyMikeG,596
CREATIVE,48
Australian Ninja Warrior,1086
William C. Fox,161
MCM TV2,528
SUB. DELINQUENT,538
Ultra Kids Zone,2374
Dawid Does Tech Stuff,708
The Star,77715
Primitive Village,117
KIDZ BOP,2523
Independent Institute,879
Riddhi Skin Care Spa,1415
Live at Sri Lanka,61647
stormfrenzy,1078
Gary Turk,34
Matthew Moniz,1934
Telugu Comedy Club,214
Donald J Trump,4364
Mark Passio,204
Heavy Spoilers,2595
VaatiVidya,386
Chu Chu Ua TV - Nursery Rhymes,22
Katie OnTheRoad,340
AutoMotoTV,39700
Islamic Teacher Official,1783
Ledri Vula,74
Salesforce,1538
Animalist,631
Beat-Club,1658
Outstanding Screenplays,2071
Chad Chad,85
Quirkology,87
ZAMination,290
Sue DJ,3609
scribblejuice,58
MathFootball,26
Averro,37
Bronzo,135
Uncle Roger Shorts,251
B Major,17
Hamsterious,99
bigtractorpower,3498
SM TV,40
Excelsior News,45936
Sumedh Mudgalkar,13
Yammy,3432
Wait For It,581
Emily The Engineer,70
Royal Caribbean,1144
Hindi Kahaniya Funny Comedy Stories,623
Baby Zoo | Kids Songs,868
Adam Trent,1320
Star Music India,1621
WesleyAPEX,975
Bestie Health,3393
Troom Troom,2987
꧁Qonny꧂ (Qonn),18
Mego,291
Harry Potter,2275
Soccer Stories - Oh My Goal,2254
Spitting Image,186
College Music,1153
Minimal Group,935
Gigguk,291
SuperDuper!,23
NHL,39857
Original Films Studio,54
WODE MAYA,1549
SHIROSUKI,4758
The Reptile Zoo,1583
Magnetic Games,745
shabeer dbz,205
Team7 Picture,74
The Epidemic,837
AIRBOYD,6413
Off The Hook,125
Wad2ee,51
Matan Jr,72
mingweirocks,1415
Dunamis TV,5738
BD Views,4513
TAOFLEDERMAUS,1291
DSC,496
Roxette,229
ALL URBAN CENTRAL,14678
Nitro Rad,306
Monster Energy,2407
UNTV News and Rescue,124066
TV BINI,239
Talia Mar,267
딩고 뮤직 / dingo music,3105
Kadz,719
DOLLAR,29
Alex Crish,69
ini vindy,748
MattHDGamer,5197
Scary Teacher Family,29
Make Science Fun,430
GoPro World,2925
Princ1 Music,42
Built By Gamers,1461
Jesse Lee Peterson,5129
Lloyd Evans,2138
Auto Expert John Cadogan,1248
Mums Daily,1589
Mystical Sciences,5
MochaMilk,518
650ib,1218
The Funky Farmer,2394
360 Vacation VR,1686
SuperKanzaki,147
Crusoe the Dachshund,725
Anastacia,111
Kashvi Adlakha,2930
outsidexbox,4273
 ShortHax,50
Manish Jodhpuri,463
Eagle Multiplex,219
Learn Japanese with JapanesePod101.com,3034
Grian,813
Fish For Thought,673
BIGBANG,776
NEIL SEAN'S DAILY NEWS HEADLINES,10638
TimTeemo,350
Tess Begg,299
Dannie Riel,54
Gurudev Sri Sri Ravi Shankar,1465
SpaceRip,508
Blue1leader,240
Emerald Joy MLP,483
Facts to Know,43
Granny Animation,333
Funny Stop Motion videos,2836
Freethink,950
SethEverman,70
PrathapGTech,2372
Fact5 Wrestling,277
LifeOfShark,360
NintenU,4479
UN Women,973
Ky27,515
iDeviceHelp,2554
Jalals,27
CarlyRaeJepsenVEVO,136
PrestonShorts,88
Gem Tunes Haryanvi,1042
ExperGamez,724
Toby Randall,82
Gohar Khan,690
Legends Of Gaming,460
DireStraitsVEVO,46
T10 League Official,1508
TarraDarraBros,20
ostacruiser,1197
RDCworld1,501
ifaw,1080
Aventura - Topic,250
Sonam Gujari HD,1736
Mat Armstrong MK2,107
Karina Kurzawa,50
PerramCrowe,2345
Timcast IRL,10601
Halsey,112
Your Bong Guy,51
Galatta Tamil | கலாட்டா தமிழ்,77211
UFO CENTRAL,421
Victoria Baldesarra,17
白沙屯媽祖網路電視台,8910
MMA TODAY,125
VolcanoShow,514
WhatTheHai,48
draval8295479,110
vidIQ,2274
Zee TV UK,35151
Greg Renko,879
Ben and Holly’s Little Kingdom – Official Channel,2078
Bharatiya Touring Party,927
StormCloudsGathering,98
SickickMusic,300
RS 1313 SHORT STORIES,13699
sansCARi sumit,2649
Pinkstylist,657
Knights of Columbus Supreme Council,1580
suhass997 Cricket,163
Kendrick Lamar,40
PsiSyn,4278
HARD with STYLE,257
Sweet Impact,323
Dhruv Rathee,703
teddiefilms,15
Red Bull Snow,1364
Nicole Laeno,1324
SimpleSexyStupid,7
Jay Canada,2055
Maja Dreams TV - Hindi,488
Fortnite Cinema,47
AsapSCIENCE,529
Moonbug Kids - Preschool Learning ABCs and 123s,1794
Connor,2
Tucker Budzyn,317
Mr. Duck,5
Better Life - الحیاة الأفضل,1550
Manchurek Triplets,2731
CjTheseDays,30
Kingston Signals Official,523
Rudra Home Remedies,3093
Amazon Web Services,18185
Maya and Mary,732
Nikan,20
Gezen Adam,4249
tomjoetwins,36
Essential RC,4571
Laksh Dadwani,1221
Hulu,3979
T3rr0r,162
BODYBAGMEDIA,210
Raaj Kamal Films International,1548
Ebadu Rahman ,1446
Titan Pictures,182
Kerem Usta ve Kepçe Videoları,501
nature video,625
Big Story World,463
Kia America,211
DailyDrivenExotics,2428
Xiran Jay Zhao,155
Prime Cut Pro HD,67
Brooke Monk,4188
Punjab Kesari TV,133094
AADYA News,313
The Players' Tribune,1518
Katerina Williams,210
Laura in the Kitchen,2196
LT.LICKME,147
Access Hollywood,44725
Comic Relief: Red Nose Day,1391
Black Gryph0n,324
SB737+,295
Behindwoods Hits,22302
GeneralEnglishHelp,1369
Sham Idrees Studios,54
EPICA,266
Tamil Pokkisham,3988
Shyguymask,254
Stromedy,1067
JayLaw,61
NoahsNoah2,44
David MeShow,154
RACER TV,526
Kairali News,212987
Coronation Street,15583
Moscow Spider,4867
UrduPoint.com,23110
Rainbow Tinkle's World,270
JAMIEvstheVOID,54
Travel with Heshitha ,5
MrBon,263
iTops,252
Keara Graves,438
PrimeCutProTV,59
Budha Subba Digital,14700
My Village Show,435
Nita Shilimkar,443
J Utah,876
FIA,1026
Yellowtooths,2
Tom Daley,825
Kurt Caz,1024
JFcombat,31
YTV,1501
영국남자 Korean Englishman,854
Erika Costell,680
PETA (People for the Ethical Treatment of Animals),5868
CraftyWill,34
World Wildlife Fund,367
wbpstarscom,2651
Democracy Now!,18041
Bina Butta,12
Gone with the Wynns,641
Hoop Reports,741
JaRuleVEVO,21
OwlCityVEVO,62
keshaVEVO,131
RRcherrypie,487
IQuTech,2148
NintendoMovies,5011
SurrealSelf Music,369
Machine Thinking,20
Nursery Rhyme Street - Kids Songs and Rhymes,1286
Green Papaya,25
Les Meilleurs Tops,392
Peppy Tots TV,83
NoobSchool,137
Karel,453
4WD 24-7,1040
WildEarth,12046
RemyInTheSky,390
PKMUSICHITS,18
Your Mate Tom,392
Little Big Shots Aus,119
Global Triathlon Network,3600
Bellular Warcraft,3130
Bundesliga,11051
Pomtoy Anurag,820
Anthomnia,2215
Katie Price,254
Adesh icON,605
Saregama Karaoke,5183
ShreeMan LegenD,663
RK PATTARAI,268
budleewiser,506
Caters Clips,20988
Danielle Kirsty,200
gotyemusic,56
ashswag,74
Life with Beans,965
Blockbuster English Movies,126
Milkair,82
TWOSYNC,4416
caribbeanpot,2059
Flying Kell,119
Fresajapomex,1382
Think Like A Horse,2472
CapitalCitiesVEVO,18
Jiedel,1406
Amma Chethi Vanta,1684
SergiuHellDragoonHQ,17177
ThaRixer,68
DJ Ravine,592
Ben Echo,78
Pooja Luthra,5624
engineerguy,113
Click Entertainment,754
Google Search Central,2013
ShuffleGamer,2210
Pixl Networks,71
Tito4re,144
Cena Recipes,62
Anil Geela Vlogs,377
Soundtek,3732
Theme Park Review,2878
Vice Ganda,548
Tory Lanez,461
Saffron Barker,821
TPMvids,394
Milad Mirg,1697
Tom Stanton,150
SoccoLoco TV,149
ThreadBanger,994
Harry Main,501
Inspire To Make,96
糖餃子Sweet Dumpling,589
CityNews,80121
spellbooked,189
Machinery Restorer,135
Spencer Elmer,78
Ekta Sound,2324
Simnett Nutrition,601
Primitive Technology,96
KP Active,197
Twins,235
TechKaboom,41
Noel Philips,779
GoHerping,954
Smart Communications,1648
Salice Rose,1077
Josh Horton,1458
Dead Can Dance,18
Jrose11,271
Made with Layers (Thomas Sanladerer),583
SLS,2741
TheDissRapper,36
Desi Tips hindi,226
hotdiggedydemon,384
andie,77
Matt Slays,1133
Safaricom PLC,5151
Ton Greten,320
Zack GT,230
AC/DC,200
EVNautilus,1233
Google Nexus,83
briansmobile1,1325
Sidewalk Specials,672
Amazing Unboxing,54
My Smart Guide,1742
LOTUS AYURVEDA INDIA,6603
BasicallyIDoWrk,2165
Info Yourself,643
Sony Marathi,51745
Yiannimize,1248
Learn with Jaspal,437
Rooster Teeth,4458
Indian Farmer,2497
H.O.D,916
Zig & Sharko TV - Cartoon for kids,1792
Uma Telugu Traveller,1040
Ford Australia,141
DC Heat,323
staycation,2130
HONG KONG,562
Box,34
a-ha,115
Damian Marley,54
wbangca,5604
DaveSpencer32,7547
So Fia,82
SpinTwistRecords,1693
jenny slime,2267
lil_cordnai_gacha,39
tiarawhy,41
The Dusty Lumber Co,1391
Wrsh98,83
What Would Your Kid Do?,29
Nipsey Hussle,91
The Winglet,61
P!NK,52
Real Royalty,493
NTV Probash Jibon,39
Archipel,129
Mashable,7951
Toica Nation ,891
kuro-obi world,1631
Speakeasy,301
MrBossFTW,9151
TheGoodVibe,1642
Blatant Reviews,3716
RememberTheBeat,672
Mind's Eye,1
Bondi Vet,2220
TruNoom,413
Trick Shot Titus,39
HyunA 현아 (Official YouTube Channel),10
Victor 007,137
English Like A Native,933
Tanner Stewart,0
MGTracey,8019
Jason Mraz,367
NBA on ESPN,29652
TrueMobster,791
St. Jude Children's Research Hospital,908
Stone Music Entertainment,13514
Bindass Haryanvi,48
Dr Ding's Molecular Cuisine,70
Steve Cutts,16
English Tree TV,398
The Viral Fever,1049
Necrit,1308
DVNTY,2
Flea2,12
CookwithParul,2764
Archivní Kanál,869
Ultra Records,5417
travelgeek,170
Dave Lee Down Under,2025
防衛省 防衛装備庁公式チャンネル（ATLA Official Channel),84
acooknamedMatt,1972
SSC Adda247,69289
FrivolousFox ASMR,1180
Roart,210
MusicForHours,182
Pooh in Korea,311
Mermaid Magic,298
Misha Charoudin,3831
Kristen McGowan,523
Ngoko Tbl,779
walter santi,308
FRANCE 24 English,115999
Magnify,33
Berk Music,2546
Farhan Ali Waris,464
DVB TV News,111363
FUNNY ANIMALS,40
Zee Kannada,136412
Luke Davidson,1754
Sampa The Great,70
Just Like Lili - Kids Channel,37
Julie Nolke,414
RachelPlattenVEVO,53
JT,0
CheapRVliving,1418
Vsauce2,476
Kittens Meowing,26
Expert Vagabond - Travel & Living Abroad,50
crazyPT,225
American Psychological Association,1444
Tips Jhankar Gaane,969
BabiezTV,268
TDM_Heyzeus,928
Shadhik Azeez,598
Max the Meat Guy,702
Channel 4 News,22416
Shania Twain,250
Tim Trevail,178
LL Stylish,952
Gabriella ♡,870
Criminally Listed,859
Gido's Fishing Adventures,248
durianrider,7175
OG Eastbull,49
Tiësto,654
Tastemade,6602
Kyle Nutt,348
Donald Glover,21
Analog Records,71
communiTV,1793
ElliotSimms,2545
neworder,71
Aarna and Abhay Show,2861
Chauhan Vines,278
Shierlly Medina,10
LIV Kids Hindi,2293
Sotheby's International Realty,5431
Lauris Beinerts,11
James Turner,2666
Itzshauni,943
Mahindra Group,696
Fidi Wstafidi l فيدي و استفيدي,438
Sujes,427
TechTag,2816
TehNoobWorld,75
Will Smith,341
Mikerophone,2369
Swidge,61
AMMO NYC,469
PokerStars,3214
Programming with Mosh,243
Joji,34
Purina Friskies,136
DipYourCar,871
REDBOX Entertainment,80
TFPC,42003
Jay Alvarrez,22
Moo,2063
PDriveTV,1201
AutoYogi,714
coolirpa,489
NowThis Impact,24351
Tech Indian,83
HITC Sevens,1840
SkitzMACHINE,358
Carvs,29
Crafty Creations,503
iTwe4kz,888
Hydraulic Press Channel,1119
Chloe Morello,677
BullyJuice,393
Dance India Dance,4861
MOVIE MAX,36
Cute Songs,10
Mike Mitchell,837
Jeff Mack Designs,312
MarioZenium,1284
Peter Gundry | Composer,286
CultureCrash,171
Dolly and Friends - Family Cartoon,387
MindSmash,1602
Peppa's Playgroup: Little Learners,1929
Bumble Doodle,12
Wolf Pack Films,14
NASA,5990
MB vids,1447
Moonbug Kids - Cartoons and Kids Songs,2375
Trident Arts,16
ADITECH,778
Sk28 Gaming,781
Bugatti,196
BrainCraft,268
AgrolChannel,55
SOL - Supercars of London,2310
Madeyewlook II,73
FliteTest,1401
Asim Riaz,50
BethanyMotaVlogs,52
Stop Motion King,14
MMA and Boxing,33
Standoff 2,99
11Alive,136846
AAC Dream,2112
The Fizzy Show,1191
Motiversity,1092
Xiaomanyc 小马在纽约,1009
Automobile Classics,15921
Low Carb Down Under,653
Life of Luxury,76
Matt Vargas,37
Street Gang Music,36
UN Human Rights,1679
Poonam Patil Rangoli,1640
wifistudy by Unacademy,56370
Jardier,2244
Winoboys,243
Glass Reflection,632
nikola zap,17
BillyO,184
Tapliasmy,1839
Shadrow,248
Creative Experiment,321
VoicesFromTheDark,2551
magicofmaking,20
Nellis,43
5-MINUTE MAGIC,4941
Mukul Sona MS,1216
TetraNinja,11322
Twirlywoos - WildBrain,635
Virak Cooking,298
Mirchi Murga,1920
Bay Area Buggs,3378
MockRock,107
FergieVEVO,41
Tom Scott,731
Divorce Court,6957
Moner Moto Tv ,138
Fact Fiend,1439
Trippie Redd,302
Oneindia Hindi | वनइंडिया हिंदी,191581
williamVEVO,59
Alexa Losey,59
Cricket Universe,15
TMDB,61
Blaire White,458
Caitlin Doughty,280
Shelow Shaq,145
TheSupercarSuspects,609
Magnet World,2428
MAD SCIENCEen,74
HowMany,136
Ultimate Handyman,929
Big Cat Rescue,2382
Desi Unplugged,71
Hussain Manimegalai,560
TheProphetsPath,6407
SLAM! - Music,1813
Melody House,107
Fizzy Fun House - Fun Stories for Kids,98
GeorgeMasonTV,194
mrandrewcotter,62
Darks Music Company,113
Felix Rex,9
James Aspey,280
ZMOONCHILD,6722
GupShupp,451
SuperSport,15800
BamaBass,600
Top WARZONE Moments,1774
ScottHermanFitness,1982
Star Wars Theory,3697
Haroons,394
Sony | Xperia,470
Bubble Vision,100
Jessii Vee,1698
Scouthedog1 Animations,96
Game Changer Shorts,874
Ankush Raja Official,200
Josephat Gwajima RudishaTv,3717
PJiggles,197
Jo's Tamil Health and Beauty,1360
Nodutu Lowa Wata,5756
Rhia Official,1147
Sri Ganesh Videos,1793
Doctor Tristan Peh,80663
Drumeo,2429
GEVids,288
flugsnug,527
Galeri Kereta,4116
AirPano VR,227
Yummy Pastry,15
Manal l منال,61
AnimalistToo,19
Grunge,5932
PentatonixVEVO,167
Raymond Warner,1544
Ananda Vikatan,3906
OneUmmah,363
Corey Vidal,152
Ireland Boys Productions,684
Shiloh & Bros,181
Chris Hau,382
Honda,1734
Angry Dad,129
CyberLink,2681
misterdeity,717
Guus Music,275
Natkhat TV Hindi Tales & Rhymes,1358
Fine Digital Haryanvi,4060
The Relaxed Guy,599
Ariana Grande - Topic,1201
Kaka,88
Arcade Craniacs,1151
Military Archive,220
Kentang_bayi,713
LankyBox World,2958
Computerphile,872
BrainLift,81
Soolking Officiel,104
Placeboeffecttv,114
BadBoyHalo,503
HellsDevil,1784
FlightExperience,585
Epic Wildlife,1032
Mr Tumble and Friends,784
Super Simple TV - Kids Shows & Cartoons,330
InformOverload,12996
Rational Believer,188
BS w/ Jake Paul,323
Bass House Music,1558
Let's Crack UPSC CSE Hindi,23323
Punith,11
FNBall,9
Elvana Gjata,71
FSRiko,695
Codfish - Boots n' cats!,113
Working with Lemons,693
UNILAD,3632
The Organic Chemistry Tutor,2904
Zach and Michelle,84
MMA Junkie,24770
SewVeryEasy,1209
Maverick,48
SARAUNIYA TV,7672
TwoSetViolin,1535
Boldsky,62076
Citytv,27938
Ben Azelart,399
Wrestling Hub,1931
Michael Reeves,54
Raghav Digital,146
CarsLatino,639
North of the Border,230
Gagsters,33
Zoella,346
CodeParade,82
7Liwa,40
JoergSprave,1392
IdunnGoddess,335
Cars Garage,2136
lzuniy,1758
Zeus Polecat,47
Nikocado Avocado 3,468
Miki Rai,1623
MAD LAB,241
Dan Gelbart,25
ChooChoo's Story,1058
Oaktree Sports,505
womenbeauty1,1789
Santan Dave,24
Jay & Sharon,552
RelaxAlax,192
dankcube,339
Football Australia,6452
Plainrock124,397
Creativity Buzz,100
Love Stories TV,1626
DashieXP,238
ideaPack lk,138
Juston Bibero,30
Ed Citronnelli Ministries,2801
Piers Morgan Uncensored,2018
England,6249
BuzzFeed Unsolved Network,756
Digga D,109
JUSTKASS,1963
WorstPremadeEver,986
SSOFTOONS KAHANIYA,663
Trap Music Now,2830
Macklemore,311
im_siowei,1215
SRS-RC,1385
Ayurved Samadhan,3309
laikathehusky,295
The Voice UK,1377
Charlotte Dobre,1784
Jeff Jackson,374
Hayley Morris,230
CARS ARENA,544
Gadgets 4 You,1830
HeyImBee,101
Patto Bj,204
Sarahs Day,758
On The Hill,31
Jatt Life Studios,126
RedFrost Motivation,99
FouFa Torino,18
FrankValchiria,4088
Hey Duggee Official,1901
Bindas Fun,101
Matt Maran Motoring,3263
morn1415,246
TOI Sports,3121
10TV News Telugu,313095
Law&Crime Network,30117
Zedd,229
oompaville,1194
Emmerdale,13409
Lucas the Spider,237
채널 NCT DANCE,42
TotallySketch,190
The Economic Times,56015
The Studio Space,497
Wix,609
Junkyard Digs,282
Riot The Red Fox & Friends,403
Alex Sampson,427
bebodyd,397
TheFatRat,144
Gravity Vibe,1
Karolina Żebrowska,355
Gary Barlow Official,236
Half as Interesting,533
Neha Mahida,29
Jae & Trey Vlogs,234
Learn English with Papa Teach Me,712
internationally ME,116
Mikey Tua,17
Mangli Official,129
BPC Media,16248
Totally Handy Shorts,2569
scrawny2brawny,16
GoodyGrace,84
Tariq Jamil,1836
Simply Ruksana,4
News Tak,68160
zac alsop,48
Clicky Crisp,51
BirdTricks,1349
P4P WORKOUTS ,470
Falz,28
大树君TreeMan,1053
Rapido Explanation,691
Vamos ART,1008
Will Paterson,974
DisneyPlus Hotstar_IN,463
NFL on NBC,25644
Little People - Fisher Price,1837
Tony Robbins,804
Himalaya Personal Care,1362
edcunhaph,407
Audi USA,307
차은우 CHAEUNWOO,66
Tukomi,308
Arab Reality,12
I Support Narendra Modi,38
JavierNathaniel,34
SGV Digital - Kannada Full Movies,1880
Mihdens,1815
The Second City,909
Kids Tv Channel - Cartoon Videos for Kids,1751
TREASURE (트레저),1508
Hardwell,1114
Sebastian Javier,42
Alumo Royalty Free Music,48
Andy Hoops,763
SkyFin Media,268
Let Me Explain Studios,104
richpin06a,913
Soy Francisco ALV,145
bateson87,8264
goomzilla,116
BANGJBLOX,2359
Matthew Santoro,2016
MoreFPSRussia,25
Max Funke,63
Dad V Girls,689
The Formal Edit,1267
EuroArtsChannel,2542
NotYourAverageFlight,5780
Bucks,1399
Bekaar Films,816
MikeWillMadeitVEVO,34
LockDownLife,116
Onevilage,8326
Berm Peak Express,223
Nik Nocturnal,1942
Queen Froggy,74
Briggsy Sport Fishing,200
Marvel Entertainment,9969
Cars.com,3233
Benjamin Beytekin - Construction Machinery & More,7804
Parks and Recreation,1407
Meliney Nail Art,360
jacknjellify,824
Hannah Trigwell,318
timtimfed,61
Qaziinc,396
Anacrylics,1486
Gillian Scharf,16
khordha toka,74
Ragical the Unhallowed Knight,894
Anuv Jain,33
Liam Dowling,390
Lopez Brothers,12
Field Days,502
Fugget About It - 9 Story,1167
CheezhOfficial,1304
Dinamitic,133
California Academy of Sciences,1545
Deestroying,910
Classic Mr Bean,2302
Moviez Adda,88886
PFI Speed,1229
Andrew Furmanczyk,201
Haeppy Endings,17
Mike Dee,563
Luka Big Pants,112
stacyvlogs,134
Shintek Beats,227
Dylan Lemay,1337
hanedafz,486
Amit Bhadana Manoranjan,43
Geekyranjit,3406
xHOUNDISHx,4201
King Games,5963
Porter Robinson,128
Juan De Montreal - Asia Fan,7760
TechSource,1887
JianHao Tan,1795
Freememeskids,24
blogilates,1413
The Gospel Coalition,2869
Ceeday,393
rikki sandhu,277
Claw Quest,500
IndieVibes,5394
QPark,481
Yahritza Y Su Esencia,50
K-City Gaming,630
MrSp3ctre,443
Twiistz,518
MTR Hong Kong,498
Blueberry Lutein Cartoon,0
SolarBalls,203
MrEngineer,340
throtl,1436
Nisha Lambha,26436
Pressplay Media,3378
KING OF THE STREETS,229
Seema's Smart Kitchen,1950
Akash Parihar,703
AutoTopNL,7213
Lindemann - Offiziell,27
Write to the Top,295
AnimationEpic,500
SportsHD,192
UrinatingTree,1262
Classic Mini Food,1030
BestClips,173
Funny Elephant TV,5
Vipin Maben,979
The Berrics,4987
Flashcode,32
Desiring God,7628
MediaTek,543
4K4D Vid Studio,126
FloderFlo K-Pop,2784
YelawolfVEVO,35
Humpty the train,133
B4U Mini Theatre,2280
Street Speed 717,1329
NAV Records,56
Unreal,26
2 Cats & 1 Doll,59
NOAHFINNCE,515
Flight Gamer,1188
Max's Monthly Challenge,64
InsaneHoops,66
Stan Sport Football,1093
Quanta Magazine,168
Tones And I,181
LosPollosTV,77
Anaysa Shorts,1255
Animal Watch,393
Raves,31
Monica Nguyen,20
Memenade,3346
Sean Paul,351
Salomondrin,856
Mahalok News Today,435
Mr Sagoo,1050
Design Insider,211
TWICE JAPAN OFFICIAL YouTube Channel,699
KiraBerry,1117
Onyx Family,2008
T Sports,23033
Peppa Pig - Nursery Rhymes and Kids Songs,3114
Nationale Opera & Ballet,1281
Luke Kidgell,498
KenDBerryMD,1989
Techy Musk,53
Joeseppi,75
Rockstar Gaming,578
The Pat McAfee Show,10032
Brett Kingman,3095
Hooray Kids Songs & Nursery Rhymes,284
TheLearningStation - Kids Songs and Nursery Rhymes,818
Haarika & Hassine Creations,464
ELINEL,98
CBN News,42062
TechLinked,1196
VABUB,42
FaZe Blaze,1537
sanjiv kumar,7
Australia,448
NowThis,1664
WOW ENGLISH,126
BanditIncorporated,466
The Canadian Lad,329
Bishop Obinim Ministries,1596
MasterAquatics,588
kickingmustang,358
Huawei,3265
AquaVEVO,17
Vat19,3492
TommyVODS,529
Namita Agrawal,2006
The Nature Conservancy,1100
José Totoy in English (US),173
Pokémon Clips,12
Paul Taylor - Canal Plus - CANAL+,60
Star Wars Tricks,100
How To Cake It Step by Step,472
JP Choudhary ,927
Knox Artiste,76
SOMOY TV Bulletin,82987
Lars Mars Cars,942
IcompilationTV,175
Pravin Koli,145
Gruffalo World,705
MunchingOrange,3406
Supercar Blondie,2006
PictureFit,373
Dubai,0
Pavan Ramya❤️,1011
iTamilNews,25622
letsdig18,4286
Four Seasons Hotels and Resorts,1445
Google Nest,76
Nukazooka,87
Pete Ruppert UNIVERSE,3311
Sadhguru,4490
George Pig,3517
realrosesarered,812
Gratis,60
Always Islam,39854
SP BBlover,2095
KichaaSDL,41
Wildlife Adventure In हिन्दी,1055
Tank Fish,183
Hyun's Dojo Community,1669
DigitalRev TV,818
CAF TV,4502
Dating Beyond Borders,768
Dharma Paddu 143,279
Vinheteiro,828
HD Songs Bollywood,898
The Great War,787
Make Calbe Laugh,162
Nykaa,2877
elmaestro,119
Howdini,1297
TC2,781
ChemTrailsMN,675
Armoured Skeptic,166
Techmoan,691
vrije geluiden,2788
Jennies Garage,451
Invicta,1474
Parrot Cinema,634
NJ.com,28207
Dark Side,6
Muscle Vs Tuner,299
Improv Everywhere,211
The RawKnee Games,1628
Ayatee,284
Andrew Wall,496
BattleBots,681
Super Style Tips,1732
Fukra Insaan,336
Laila Tahri,20
Marina Lin,206
Flossy Carter,3003
Nas Daily,1623
Yong Ye,1199
Amy Lee (Amy Lee33),1612
Cookie Cutter,3674
Harrish krish,1157
"The Holy Land, by Zahi Shaked",21731
Mental Health Treatment,135
Tipsy Bartender,3434
Pvz2 Gameplay,2342
ICYKOF,642
Winshard Animations,31
WayTwo,106
Seventh-day Adventist Church,3206
Jason Magbanua Wedding Films,937
Adam Celadin,1703
TeenWithTwins,11
My Name Is Andong,265
Deeper Christian Life Ministry,6565
Midway to Main Street,738
Dragons' Den,1352
Hamza,1284
Rich Black Guy,195
World Poker Tour,5907
American Red Cross,2105
周杰倫 Jay Chou,326
Newsthink,237
Pakistani Stage Dramas,561
Little Love ,716
Nail Career Education,1020
ShakTV,302
Kevin Spacey,19
Infinite Waters (Diving Deep),5942
MilesPerHr,2340
Walt Disney Animation Studios,490
How To Beat,1132
Life With Umair,562
StefanoBolis96,115
Ak Collection ,63
James Tristan Ruiz (Pinoy Swak sa Budget),12
Damien Dawn,24
Dekho Suno Jano,453
Get Curried,1337
LandonProduction,1562
Samar Singh Official,808
SVMM,1128
Zylbrad,1979
spotlight,34
DAGames,1706
Daddy Goo Official ,14
Circle Line Art School,699
T and E,590
Ford News Europe,1524
Saapattu Raman,690
Samsung Levant,1499
Rebecca Rogers ,4685
54vbz Backstage,505
CrossFit Games,6871
FunChannel,0
EVER B,19
iGadgetPro,422
Jenna Bandy,625
The Official Pokémon YouTube channel,3642
Anthony Gugliotta,1680
Amelia Dimoldenberg,413
JayRockVEVO,23
YG KRUNK,395
Mister Maker,1066
GoldenArmor,137
Nick's Strength and Power,3960
Spratt,2130
Chinki Minki,744
Andrei Terbea,205
Taste Food Life,127
BIN ZAID GAMING,363
이지금 [IU Official],482
New Rockstars,3926
KingBach,1087
Link Up TV,13763
HNBMEDIAtv,11451
Benchmark Entertainment,43
South China Morning Post,19781
reXpair,681
Cher Lloyd,82
Paritosh Shorts,639
